Size (nt),"D1: E. coli Total RNA","D2: E. coli Total RNA","D3: E. coli Total RNA","D4: E. coli Total RNA","D5: E. coli Total RNA","D6: E. coli Total RNA","D7: E. coli Total RNA","D8: DM","D9: DM","D10: DM","D11: DM","D12: RNA Ladder"
1.12,0.16,3.90,3.87,4.17,1.77,6.53,5.86,3.87,5.06,5.65,6.98,2.59
1.90,0.89,4.85,4.71,5.36,2.46,7.25,6.96,4.80,5.66,6.23,7.64,3.68
2.67,1.68,5.80,5.69,6.24,3.17,7.94,8.25,5.76,6.31,6.96,8.29,4.68
3.44,2.72,6.92,7.08,6.88,3.97,8.87,9.73,6.78,7.16,7.98,9.16,5.74
4.21,4.12,8.36,9.09,7.56,5.00,10.27,11.40,7.98,8.37,9.40,10.45,7.01
4.98,5.95,10.17,11.74,8.61,6.40,12.22,13.28,9.48,9.98,11.28,12.30,8.57
5.75,8.23,12.38,14.97,10.30,8.26,14.66,15.46,11.47,11.95,13.72,14.79,10.53
6.52,11.22,15.21,18.99,12.81,10.72,17.63,18.28,14.20,14.33,17.05,18.21,13.29
7.29,15.77,19.47,25.10,16.69,14.42,21.80,22.79,18.38,17.65,22.44,23.88,18.23
8.06,24.61,27.77,37.40,23.94,21.59,29.73,32.07,26.15,23.84,33.41,35.79,29.13
8.83,44.46,46.62,65.48,40.01,37.99,48.08,53.59,43.31,37.96,58.38,63.23,54.52
9.60,88.85,89.40,126.95,76.45,75.20,90.54,101.89,81.96,70.67,113.18,123.35,109.68
10.37,178.91,177.61,246.76,151.89,151.27,179.10,198.69,161.46,139.73,220.29,240.34,215.39
11.15,338.16,336.49,448.82,288.11,286.32,339.53,366.45,304.16,267.03,401.07,437.14,390.20
11.92,579.09,582.03,739.31,498.39,491.00,587.86,613.96,523.30,468.29,660.17,718.93,635.89
12.69,885.63,902.41,1088.47,771.50,751.29,911.37,919.39,806.45,737.02,969.30,1055.71,923.48
13.46,1203.77,1245.88,1425.75,1061.53,1020.38,1256.39,1223.70,1105.40,1032.48,1263.89,1378.34,1191.81
14.23,1452.77,1528.87,1659.59,1296.00,1228.61,1537.26,1445.82,1344.96,1284.24,1462.38,1598.62,1366.54
15.00,1557.61,1667.81,1717.32,1404.37,1312.12,1669.74,1517.19,1452.66,1418.05,1502.64,1648.23,1393.42
16.00,1485.90,1619.27,1582.22,1352.66,1244.96,1612.15,1416.57,1394.56,1391.52,1373.97,1513.76,1266.07
16.77,1264.99,1402.89,1302.68,1161.64,1053.13,1387.66,1181.44,1193.55,1216.69,1122.91,1244.04,1029.34
17.54,967.43,1090.97,966.82,895.60,800.48,1071.85,887.94,916.98,953.56,828.52,924.37,755.97
18.31,674.91,772.06,660.13,629.57,556.53,754.24,613.43,642.63,679.18,564.53,635.63,512.54
19.08,444.27,512.72,433.08,417.20,367.53,499.79,405.91,425.45,453.24,372.13,423.99,335.65
19.85,293.86,338.92,293.79,277.00,246.29,331.61,275.55,283.69,300.33,255.53,295.33,228.58
20.62,211.42,241.44,221.93,198.97,180.61,238.26,206.11,206.09,213.75,195.54,229.34,173.67
21.39,172.10,194.38,189.01,161.06,149.19,193.15,172.98,169.04,171.53,167.58,199.07,148.39
22.16,153.62,172.56,172.83,143.14,134.11,171.74,156.44,151.41,151.84,153.43,184.07,135.96
22.93,142.95,160.15,161.98,133.14,125.36,159.28,145.99,140.82,140.82,144.22,174.15,128.12
23.70,135.46,150.94,153.43,126.43,119.56,150.23,138.47,132.93,132.86,137.77,166.69,122.80
24.47,130.83,144.27,147.76,122.34,116.40,144.07,134.02,127.55,127.22,134.36,162.14,120.30
25.24,129.46,140.91,145.47,121.09,115.91,141.29,132.97,125.18,124.37,133.91,160.68,120.72
26.01,130.65,140.67,145.75,122.14,117.29,141.36,134.43,125.32,124.02,135.15,161.21,122.95
26.78,132.75,142.11,146.89,124.13,119.08,142.72,136.54,126.51,124.83,136.34,161.89,125.20
27.55,134.14,143.45,147.46,125.51,119.97,143.70,137.55,127.28,125.27,136.33,161.39,126.05
28.32,134.14,143.61,147.01,125.45,119.51,143.44,136.76,126.98,124.53,135.14,159.62,125.15
29.09,133.16,142.68,146.09,124.23,118.29,142.18,134.83,125.98,122.92,133.71,157.47,123.31
29.86,132.20,141.54,145.50,122.95,117.42,140.79,133.14,125.17,121.46,133.10,155.96,121.83
30.63,131.99,141.09,145.66,122.75,117.82,140.09,132.83,125.18,121.01,133.79,155.54,121.61
31.40,132.56,141.65,146.29,124.01,119.48,140.32,134.04,125.91,121.68,135.31,155.84,122.73
32.17,133.35,142.83,146.66,126.14,121.54,141.05,135.95,126.67,122.80,136.64,155.97,124.42
32.94,133.58,143.84,146.01,127.96,122.70,141.46,137.23,126.58,123.38,136.64,154.98,125.47
33.71,132.51,143.77,143.71,128.29,121.87,140.64,136.65,124.89,122.55,134.49,152.12,124.77
34.48,129.59,141.79,139.25,126.28,118.47,137.83,133.47,121.15,119.73,129.85,146.90,121.61
35.25,124.40,137.30,132.32,121.58,112.43,132.53,127.47,115.14,114.69,122.81,139.18,115.80
36.02,116.82,130.11,122.93,114.21,104.06,124.70,118.93,106.95,107.43,113.65,129.16,107.55
36.79,107.08,120.47,111.55,104.46,93.92,114.71,108.42,96.96,98.27,102.83,117.35,97.31
37.56,95.79,109.01,99.02,92.90,82.68,103.28,96.65,85.81,87.78,90.87,104.48,85.67
38.33,83.69,96.47,86.27,80.31,71.09,91.15,84.33,74.27,76.69,78.42,91.35,73.37
39.10,71.60,83.59,74.15,67.71,59.97,79.03,72.20,63.11,65.70,66.32,78.77,61.40
39.87,60.30,71.10,63.25,56.14,50.09,67.53,61.03,53.02,55.48,55.49,67.51,50.73
40.64,50.53,59.79,54.00,46.46,42.04,57.27,51.55,44.54,46.63,46.66,58.16,42.11
41.41,42.76,50.38,46.59,39.11,36.06,48.80,44.23,37.97,39.56,40.19,51.01,35.73
42.18,37.10,43.25,41.00,34.00,31.98,42.44,39.12,33.31,34.43,35.92,45.98,31.34
42.95,33.25,38.38,36.99,30.68,29.30,38.12,35.87,30.24,31.06,33.33,42.68,28.42
43.72,30.69,35.31,34.18,28.58,27.52,35.43,33.87,28.29,29.03,31.77,40.52,26.50
44.49,28.88,33.42,32.15,27.23,26.23,33.78,32.51,26.96,27.85,30.66,38.95,25.20
45.26,27.44,32.18,30.59,26.32,25.18,32.64,31.34,25.91,27.05,29.64,37.59,24.22
46.03,26.17,31.21,29.31,25.65,24.21,31.64,30.12,24.95,26.30,28.55,36.25,23.36
46.79,25.07,30.35,28.21,25.04,23.26,30.61,28.78,24.05,25.41,27.96,34.91,22.48
47.56,24.17,29.56,27.30,24.34,22.36,29.47,27.43,23.21,24.40,27.37,33.61,21.55
48.33,23.46,28.86,26.60,23.45,21.59,28.26,26.25,22.47,23.40,26.21,32.44,20.61
49.10,22.88,28.28,26.11,22.42,20.98,27.07,25.41,21.87,22.57,25.18,31.47,19.72
49.87,22.35,27.76,25.80,21.38,20.52,26.08,25.01,21.44,21.94,24.42,30.72,18.97
50.64,21.83,27.22,25.55,20.49,20.09,25.40,24.98,21.26,21.44,23.95,30.16,18.37
51.41,21.27,26.58,25.17,19.85,19.84,24.98,25.10,21.47,20.94,23.68,29.63,17.86
52.18,20.59,25.80,24.43,19.44,19.59,24.57,25.07,22.21,20.32,23.42,28.90,17.32
52.95,19.68,24.85,23.17,19.15,18.94,23.93,24.64,23.49,19.52,22.91,27.78,16.61
53.72,18.51,23.67,21.42,18.75,18.10,22.92,23.65,25.13,18.52,21.94,26.16,15.69
54.49,17.13,22.25,19.38,18.01,17.06,21.56,22.16,26.76,17.31,20.45,24.12,14.56
55.26,15.70,20.65,17.34,16.75,15.86,19.99,20.36,28.08,15.97,18.58,21.87,13.29
56.03,14.32,18.97,15.55,15.00,14.58,18.34,18.51,28.93,14.59,16.61,19.67,11.96
56.80,13.09,17.35,14.13,12.98,13.28,16.72,16.85,29.33,13.25,14.81,17.70,10.69
57.57,12.06,15.88,13.11,11.00,12.05,15.19,15.51,29.39,12.03,13.37,16.06,9.58
58.34,11.33,14.64,12.40,9.36,10.97,13.81,14.46,29.23,10.96,12.37,14.76,8.69
59.11,10.96,13.64,11.88,8.21,10.11,12.62,13.59,28.99,10.08,11.79,13.74,8.00
59.88,10.91,12.89,11.40,7.54,9.41,11.63,12.78,28.86,9.37,11.53,12.92,7.42
60.65,11.04,12.34,10.84,7.22,8.75,10.82,11.98,28.97,8.76,11.44,12.23,6.88
61.42,11.23,11.97,10.17,7.08,8.05,10.14,11.21,29.42,8.16,11.33,11.65,6.36
62.19,11.48,11.78,9.45,7.02,7.36,9.58,10.53,30.17,7.60,11.07,11.22,5.88
62.96,11.92,11.77,8.80,7.01,6.79,9.11,10.00,31.04,7.17,10.64,10.99,5.48
63.73,12.74,11.93,8.35,7.03,6.43,8.70,9.60,31.76,6.96,10.09,10.97,5.15
64.50,14.06,12.25,8.17,7.02,6.24,8.28,9.26,32.07,6.97,9.50,11.07,4.87
65.27,15.88,12.72,8.28,6.87,6.14,7.80,8.91,31.86,7.04,8.92,11.17,4.59
66.04,18.02,13.38,8.64,6.58,6.04,7.24,8.53,31.32,6.97,8.36,11.18,4.30
66.81,20.29,14.25,9.23,6.25,5.91,6.66,8.14,30.93,6.65,7.81,11.09,4.01
67.58,22.58,15.36,10.04,6.07,5.78,6.21,7.88,31.07,6.20,7.32,10.99,3.78
68.35,24.99,16.77,11.14,6.23,5.69,6.08,7.90,31.21,5.90,7.01,11.09,3.76
69.12,27.89,18.60,12.67,6.87,5.74,6.51,8.38,32.46,6.08,7.13,11.67,4.12
69.89,31.77,21.10,14.85,8.04,6.09,7.71,9.50,34.58,6.94,7.94,13.00,5.07
70.66,37.08,24.59,17.84,9.76,6.94,9.85,11.35,37.24,8.55,9.65,15.18,6.77
71.43,43.92,29.24,21.63,11.99,8.47,12.86,13.84,40.13,10.76,12.20,17.98,9.24
72.20,51.90,34.89,25.83,14.55,10.70,16.39,16.65,42.98,13.24,15.25,20.84,12.27
72.97,60.17,40.93,29.79,17.12,13.33,19.78,19.23,45.50,15.54,18.12,23.02,15.38
73.74,67.76,46.41,32.76,19.25,15.79,22.24,21.00,47.24,17.10,20.05,23.90,17.82
74.51,73.82,50.43,34.18,20.49,17.42,22.70,21.49,47.66,17.28,20.47,23.14,18.87
75.28,77.83,52.39,33.90,20.62,17.76,23.16,20.52,46.46,17.46,19.24,20.85,18.15
76.05,79.64,52.26,32.19,19.62,16.78,22.35,18.30,43.86,16.43,16.73,17.56,15.89
76.82,79.50,50.47,29.62,17.78,14.83,20.08,15.39,40.57,14.18,13.57,14.01,12.82
77.59,78.00,47.81,26.85,15.56,12.42,16.97,12.46,37.47,11.25,10.46,10.88,9.81
78.36,75.99,45.14,24.51,13.44,10.01,13.72,10.06,35.11,8.33,7.90,8.55,7.44
79.13,74.42,43.16,23.04,11.81,7.93,10.87,8.45,33.55,5.95,6.08,7.09,5.85
79.90,74.17,42.29,22.67,10.81,6.32,8.73,7.51,32.47,4.30,4.95,6.32,4.85
80.67,75.81,42.61,23.40,10.39,5.25,7.34,6.95,31.50,3.28,4.28,5.97,4.18
81.44,79.57,43.99,25.05,10.37,4.64,6.58,6.51,30.34,2.68,3.83,5.80,3.71
82.21,85.29,46.29,27.32,10.56,4.35,6.26,6.14,28.82,2.32,3.44,5.64,3.43
82.98,92.48,49.37,29.84,10.69,4.24,6.23,5.89,26.75,2.09,3.10,5.43,3.41
83.75,100.49,53.10,32.25,10.83,4.27,6.37,5.81,23.96,1.92,2.86,5.20,3.73
84.52,108.64,57.26,34.31,11.16,4.44,6.59,5.83,20.31,1.78,2.76,5.02,4.33
85.29,116.34,61.46,35.96,11.64,4.77,6.75,5.86,15.92,1.67,2.78,4.91,5.11
86.06,123.24,65.32,37.30,12.32,5.23,6.77,5.81,11.29,1.60,2.84,4.88,5.92
86.83,129.33,68.63,38.53,13.17,5.72,6.65,5.63,7.17,1.54,2.89,4.93,6.67
87.60,135.02,71.52,39.79,14.02,6.12,6.47,5.35,4.20,1.47,2.90,5.06,7.34
88.37,140.96,74.35,41.22,14.72,6.44,6.32,5.07,2.53,1.37,2.87,5.22,7.91
89.14,147.73,77.49,42.85,15.21,6.79,6.26,4.89,1.83,1.23,2.84,5.34,8.32
89.91,155.59,81.15,44.68,15.59,7.32,6.31,4.86,1.59,1.06,2.81,5.39,8.46
90.68,164.42,85.29,46.68,15.97,8.09,6.47,4.95,1.42,0.86,2.79,5.41,8.29
91.45,173.89,89.74,48.85,16.48,9.00,6.76,5.09,1.18,0.60,2.82,5.46,7.86
92.22,183.67,94.34,51.18,17.16,9.86,7.14,5.25,0.93,0.32,2.93,5.53,7.34
92.99,193.53,98.96,53.65,18.06,10.51,7.55,5.43,0.75,0.07,3.16,5.52,6.93
93.76,203.27,103.57,56.22,19.15,10.88,7.91,5.55,0.70,0.00,3.49,5.44,6.75
94.53,212.57,108.13,58.77,20.34,11.00,8.16,5.67,0.73,0.00,3.84,5.35,6.80
95.30,221.19,112.57,61.22,21.50,10.99,8.36,5.97,0.80,0.08,4.16,4.96,7.03
96.07,229.11,116.83,63.53,22.54,10.94,8.58,6.27,0.86,0.21,4.35,4.39,7.39
96.84,236.69,120.97,65.74,23.38,10.93,8.86,6.48,0.91,0.25,4.36,3.74,7.87
97.61,244.41,125.13,67.89,24.02,11.02,9.19,6.54,0.94,0.18,4.10,3.17,8.47
98.38,252.35,129.41,69.95,24.49,11.24,9.54,6.44,0.92,0.00,3.60,2.74,9.13
99.15,259.98,133.71,71.77,24.87,11.61,9.87,6.24,0.78,0.00,2.97,2.50,9.74
99.92,266.51,137.66,73.25,25.30,12.05,10.15,6.08,0.48,0.00,2.45,2.43,10.20
100.69,271.58,140.91,74.47,25.88,12.47,10.35,6.04,0.08,0.00,2.19,2.54,10.48
101.46,276.01,143.58,75.88,26.67,12.83,10.47,6.21,0.00,0.00,2.19,2.77,10.63
102.23,282.37,146.62,78.48,27.62,13.16,10.55,6.57,0.00,0.00,2.33,3.07,10.72
103.00,295.94,152.07,84.25,28.67,13.55,10.70,7.00,0.00,0.00,2.43,3.35,10.85
103.77,326.69,163.76,96.70,29.86,14.17,11.02,7.40,0.00,0.00,2.42,3.57,11.06
104.54,391.79,188.66,121.36,31.57,15.39,11.71,7.73,0.00,0.00,2.35,3.72,11.37
105.31,516.10,237.78,165.08,34.71,17.91,13.21,8.14,0.00,0.18,2.29,3.86,11.75
106.08,726.32,324.85,233.39,41.08,22.87,16.18,9.01,0.00,0.53,2.30,4.05,12.15
106.85,1037.33,460.61,326.29,53.31,31.60,21.44,10.81,0.12,0.81,2.42,4.29,12.53
107.62,1435.75,644.19,435.00,74.19,44.99,29.56,13.95,0.22,1.02,2.65,4.53,12.83
108.38,1873.12,856.87,542.75,105.06,62.59,40.29,18.46,0.26,1.16,2.93,4.71,13.03
109.15,2278.13,1064.57,630.42,144.05,82.23,52.39,23.93,0.25,1.25,3.21,4.75,13.11
109.92,2583.92,1230.18,684.24,185.67,100.56,63.83,29.55,0.21,1.27,3.31,4.66,13.06
110.69,2753.32,1328.83,700.53,222.57,114.52,72.57,34.33,0.17,1.26,3.40,4.51,12.90
111.46,2785.90,1356.00,685.13,248.76,122.62,77.41,37.59,0.18,1.27,3.48,4.40,12.68
112.23,2707.66,1324.51,649.32,262.06,125.22,78.29,39.09,0.29,1.37,3.49,4.44,12.46
113.00,2557.44,1255.65,606.13,264.08,123.70,76.13,39.10,0.55,1.55,3.48,4.65,12.33
113.77,2380.92,1172.50,568.27,258.26,119.59,72.30,38.11,0.90,1.73,3.51,4.95,12.30
114.54,2229.07,1097.77,546.67,247.96,114.26,68.26,36.65,1.22,1.83,3.62,5.21,12.34
115.31,2151.01,1052.50,548.22,236.09,109.25,65.31,35.24,1.38,1.79,3.79,5.28,12.37
116.08,2179.33,1052.06,573.42,225.78,106.35,64.41,34.36,1.34,1.61,3.99,5.08,12.35
116.85,2316.90,1100.80,616.30,220.57,107.16,66.02,34.41,1.18,1.34,4.16,4.70,12.21
117.62,2536.06,1190.02,667.33,223.47,112.45,70.04,35.59,1.01,1.05,4.24,4.30,11.95
118.39,2792.63,1302.00,718.44,235.64,121.82,75.90,37.81,0.83,0.83,4.23,4.02,11.61
119.16,3048.46,1418.94,767.38,255.82,133.91,82.73,40.75,0.65,0.78,4.14,3.92,11.33
119.93,3291.46,1532.33,819.49,281.03,147.11,89.77,44.08,0.49,0.97,4.00,3.97,11.22
120.70,3543.04,1648.17,885.54,308.13,160.39,96.71,47.58,0.44,1.33,3.84,4.10,11.33
121.47,3847.99,1784.96,976.47,335.38,173.90,103.94,51.24,0.53,1.71,3.69,4.26,11.67
122.24,4249.71,1964.22,1096.93,363.41,188.94,112.45,55.29,0.66,1.98,3.57,4.39,12.12
123.01,4762.52,2197.61,1241.05,394.96,207.23,123.28,60.04,0.72,2.10,3.46,4.40,12.53
123.78,5356.70,2477.14,1393.15,433.39,229.71,136.74,65.79,0.65,2.09,3.32,4.22,12.81
124.55,5967.50,2775.01,1533.98,480.28,242.61,151.99,72.49,0.51,2.03,3.16,3.87,12.93
125.32,6525.66,3054.90,1649.73,533.62,255.52,167.11,79.63,0.41,1.94,3.07,3.50,12.96
126.09,6992.89,3289.58,1738.61,587.89,281.94,179.97,86.25,0.42,1.83,3.16,3.28,13.00
126.86,7379.83,3474.92,1810.85,636.42,305.40,189.25,91.45,0.56,1.70,3.43,3.30,13.06
127.63,7733.07,3630.50,1881.18,674.66,323.17,195.11,94.84,0.80,1.59,3.80,3.56,13.06
128.40,8096.84,3785.01,1957.99,702.29,334.67,199.12,96.70,1.12,1.53,4.12,3.93,12.92
129.17,8473.82,3954.43,2036.61,722.69,341.45,203.19,97.86,1.46,1.55,4.29,4.27,12.61
129.94,8813.99,4128.08,2101.52,740.05,345.91,208.37,99.13,1.68,1.62,4.30,4.50,12.17
130.71,9041.87,4273.30,2135.90,756.12,349.63,214.18,100.88,1.65,1.73,4.18,4.61,11.71
131.48,9102.12,4355.74,2130.49,768.98,352.43,218.98,102.88,1.34,1.84,3.95,4.64,11.36
132.25,8986.33,4358.40,2084.71,774.90,352.96,221.07,104.49,0.86,1.91,3.63,4.60,11.18
133.02,8720.34,4283.82,2000.70,771.59,350.08,219.56,105.13,0.39,1.90,3.22,4.48,11.22
133.79,8327.50,4139.73,1878.29,759.95,343.77,214.33,104.59,0.08,1.77,2.80,4.28,11.45
134.56,7805.96,3924.96,1717.06,742.51,334.76,205.41,102.80,0.00,1.48,2.50,4.04,11.81
135.33,7143.20,3631.87,1523.95,720.01,323.27,192.56,99.58,0.04,1.07,2.46,3.83,12.27
136.10,6354.48,3263.88,1317.89,689.65,308.22,175.71,94.60,0.14,0.65,2.72,3.71,12.81
136.87,5508.64,2850.93,1125.99,646.94,287.87,155.72,87.63,0.15,0.37,3.17,3.67,13.41
137.64,4716.49,2447.10,973.55,589.96,261.45,134.70,78.98,0.00,0.29,3.65,3.61,14.07
138.41,4089.25,2111.00,875.20,522.68,230.62,115.43,69.59,0.00,0.38,4.01,3.45,14.77
139.18,3697.10,1883.66,832.52,454.59,199.40,100.39,60.81,0.00,0.55,4.20,3.18,15.45
139.95,3551.38,1777.78,837.07,396.98,172.65,90.91,53.86,0.00,0.67,4.26,2.94,16.05
140.72,3612.00,1780.29,874.68,358.33,154.17,87.06,49.51,0.00,0.70,4.24,2.92,16.63
141.49,3805.54,1861.07,928.22,341.53,145.36,87.91,47.87,0.00,0.63,4.18,3.21,17.26
142.26,4043.41,1980.98,979.64,343.72,145.10,91.89,48.50,0.00,0.57,4.12,3.73,18.00
143.03,4239.58,2098.54,1012.81,357.99,150.46,97.06,50.52,0.00,0.57,4.10,4.21,18.85
143.80,4330.46,2177.62,1017.65,375.70,157.66,101.44,52.79,0.00,0.63,4.21,4.40,19.79
144.57,4293.01,2196.45,993.36,388.78,163.09,103.42,54.24,0.00,0.65,4.43,4.19,20.78
145.34,4151.36,2154.29,948.65,391.70,164.23,102.25,54.21,0.00,0.57,4.64,3.69,21.69
146.11,3964.72,2071.32,898.11,382.84,160.40,98.31,52.63,0.00,0.42,4.70,3.15,22.34
146.88,3800.99,1980.42,856.52,364.71,152.77,92.95,50.01,0.00,0.30,4.53,2.80,22.53
147.65,3709.85,1914.31,834.07,342.77,143.85,88.00,47.20,0.00,0.30,4.23,2.78,22.16
148.42,3710.67,1894.71,835.14,323.34,136.48,85.09,45.03,0.00,0.43,3.93,3.04,21.29
149.19,3800.88,1929.47,860.65,311.51,132.89,85.24,44.12,0.00,0.62,3.74,3.41,20.19
149.96,3977.29,2018.46,911.59,310.17,134.24,88.80,44.83,0.10,0.78,3.66,3.65,19.13
150.73,4256.64,2162.88,991.02,320.51,140.89,95.81,47.26,0.54,0.81,3.65,3.59,18.31
151.50,4685.71,2371.75,1104.12,343.29,152.95,106.48,51.56,0.95,0.70,3.66,3.25,17.77
152.27,5338.75,2663.00,1258.06,379.94,170.81,121.22,57.93,1.21,0.50,3.68,2.77,17.40
153.04,6301.26,3061.23,1462.64,432.54,195.10,140.46,66.59,1.27,0.30,3.72,2.33,17.11
153.81,7638.21,3593.48,1729.86,502.98,226.30,164.36,77.59,1.19,0.21,3.78,2.03,16.90
154.58,9348.60,4280.55,2069.00,592.27,264.45,192.75,90.70,1.10,0.28,3.90,1.89,16.88
155.35,11319.93,5120.64,2475.87,700.49,309.30,225.17,105.56,1.10,0.48,4.07,1.90,17.16
156.12,13304.62,6067.40,2919.22,826.93,360.55,260.74,121.82,1.26,0.72,4.26,2.04,17.79
156.89,14940.41,7012.29,3332.69,968.82,417.23,297.47,139.04,1.52,0.91,4.39,2.28,18.69
157.66,15828.08,7786.00,3622.52,1117.73,476.06,331.36,156.17,1.73,0.99,4.39,2.56,19.71
158.43,15659.32,8192.51,3695.92,1255.25,529.44,356.09,171.05,1.75,0.99,4.23,2.84,20.65
159.20,14352.75,8075.35,3501.71,1352.46,565.44,364.33,180.37,1.52,0.98,3.99,3.10,21.32
159.97,12123.81,7391.55,3060.67,1377.35,571.16,350.61,180.66,1.10,1.02,3.76,3.35,21.62
160.74,9427.39,6249.90,2463.86,1309.14,538.80,314.53,169.98,0.69,1.11,3.58,3.63,21.49
161.51,6785.87,4880.67,1835.76,1151.22,470.77,261.91,149.21,0.48,1.21,3.45,3.94,20.97
162.28,4596.95,3546.03,1284.22,933.27,379.91,202.83,122.07,0.57,1.33,3.39,4.23,20.20
163.05,3029.33,2442.70,866.73,699.56,284.24,147.56,93.69,0.94,1.48,3.39,4.42,19.40
163.82,2043.57,1651.58,587.77,490.64,199.62,102.93,68.55,1.42,1.68,3.48,4.45,18.87
164.59,1489.65,1150.68,418.95,329.76,134.69,71.07,49.15,1.82,1.91,3.68,4.29,18.87
165.36,1203.81,864.90,323.13,220.57,90.50,50.48,35.82,1.99,2.07,3.94,3.96,19.49
166.13,1061.00,713.61,269.52,153.74,63.25,38.07,27.47,1.87,2.09,4.16,3.60,20.61
166.90,984.66,635.48,237.87,115.75,47.69,30.81,22.56,1.56,1.99,4.25,3.37,21.99
167.67,935.81,592.61,216.79,94.85,39.22,26.46,19.69,1.21,1.86,4.22,3.37,23.33
168.44,898.48,565.09,200.56,83.02,34.55,23.71,17.95,0.99,1.82,4.18,3.63,24.40
169.21,868.19,544.12,186.57,75.58,31.68,21.87,16.83,0.94,1.89,4.28,4.01,25.05
169.97,844.21,526.67,173.61,70.07,29.58,20.64,16.07,0.99,2.05,4.57,4.35,25.25
170.74,825.79,511.90,161.01,65.35,27.81,19.86,15.54,1.05,2.27,4.99,4.55,25.09
171.51,811.51,499.22,148.38,60.95,26.27,19.36,15.08,1.08,2.48,5.37,4.56,24.77
172.28,800.42,487.95,135.73,56.71,24.91,18.97,14.57,1.09,2.62,5.57,4.42,24.52
173.05,793.04,477.70,123.44,52.63,23.68,18.54,13.97,1.10,2.64,5.53,4.20,24.53
173.82,791.13,468.82,112.15,48.84,22.59,18.01,13.35,1.10,2.51,5.50,4.00,24.86
174.59,796.48,462.29,102.40,45.55,21.67,17.43,12.80,1.09,2.24,5.23,3.89,25.44
175.36,809.65,459.10,94.45,42.99,21.00,16.92,12.36,1.03,1.86,4.88,3.86,26.12
176.13,829.72,459.57,88.21,41.35,20.64,16.61,12.06,0.91,1.46,4.57,3.84,26.72
176.90,854.91,463.08,83.46,40.65,20.59,16.54,11.89,0.75,1.14,4.35,3.73,27.08
177.67,883.51,468.39,79.95,40.78,20.76,16.65,11.82,0.57,0.95,4.19,3.50,27.10
178.44,914.20,474.11,77.48,41.50,21.08,16.87,11.81,0.42,0.87,4.06,3.18,26.73
179.21,945.73,479.10,75.80,42.54,21.52,17.12,11.82,0.36,0.86,3.92,2.86,26.12
179.98,976.12,482.39,74.59,43.72,22.04,17.41,11.80,0.41,0.86,3.76,2.64,25.54
180.75,1002.30,482.94,73.43,44.92,22.67,17.76,11.75,0.49,0.84,3.60,2.59,25.45
181.52,1020.54,479.61,71.99,46.08,23.35,18.13,11.69,0.51,0.82,3.44,2.72,26.28
182.29,1027.77,471.37,70.13,47.12,23.98,18.42,11.63,0.41,0.78,3.29,2.92,28.40
183.06,1023.03,457.68,67.88,47.87,24.42,18.54,11.59,0.26,0.74,3.18,3.09,32.07
183.83,1008.11,438.70,65.40,48.13,24.56,18.43,11.53,0.16,0.68,3.08,3.20,37.47
184.60,986.85,415.31,62.87,47.79,24.39,18.12,11.43,0.15,0.63,2.97,3.26,44.73
185.37,963.65,388.91,60.43,46.87,23.98,17.63,11.31,0.19,0.54,2.79,3.25,54.00
186.14,942.13,361.16,58.26,45.58,23.47,17.03,11.18,0.15,0.39,2.50,3.13,65.39
186.91,924.60,333.60,56.51,44.17,22.93,16.44,11.06,0.01,0.16,2.14,2.87,78.89
187.68,912.28,307.27,55.29,42.83,22.43,16.02,10.94,0.00,0.00,1.81,2.49,94.18
188.45,905.63,282.59,54.59,41.69,22.00,15.88,10.78,0.00,0.00,1.64,2.13,110.68
189.22,904.51,259.56,54.32,40.83,21.69,16.00,10.60,0.00,0.00,1.68,1.88,127.92
189.99,908.23,238.07,54.38,40.32,21.52,16.28,10.43,0.00,0.00,1.88,1.78,146.25
190.76,915.76,218.12,54.75,40.20,21.53,16.59,10.28,0.00,0.25,2.11,1.75,167.91
191.53,925.95,199.78,55.42,40.51,21.70,16.87,10.15,0.00,0.64,2.24,1.71,197.93
192.30,937.59,183.17,56.41,41.23,22.00,16.98,10.03,0.00,0.80,2.21,1.59,244.44
193.07,948.99,168.36,57.72,42.35,22.40,17.10,9.95,0.00,0.97,2.08,1.41,317.58
193.84,957.70,155.31,59.35,43.75,22.87,17.30,9.95,0.00,1.12,1.91,1.20,427.23
194.61,960.76,143.79,61.28,45.24,23.38,17.48,10.07,0.00,1.04,1.79,1.06,580.35
195.38,955.66,133.39,63.43,46.59,23.92,17.64,10.29,0.00,0.77,1.75,1.11,778.93
196.15,941.67,123.67,65.69,47.64,24.45,17.74,10.56,0.00,0.41,1.76,1.39,1018.96
196.92,920.41,114.35,67.96,48.31,24.70,17.79,10.85,0.00,0.08,1.84,1.87,1289.23
197.69,895.29,105.40,70.23,48.70,24.94,17.81,11.17,0.07,0.00,2.01,2.36,1569.43
198.46,869.95,96.96,72.49,49.01,25.38,17.83,11.50,0.00,0.00,2.24,2.71,1828.75
199.23,846.75,89.21,74.67,49.45,25.78,17.86,11.83,0.00,0.00,2.43,2.85,2028.39
200.00,826.21,82.25,76.68,50.11,26.18,17.86,12.16,0.00,0.22,2.48,2.80,2130.27
201.00,807.68,76.07,78.46,50.86,26.57,17.85,12.39,0.00,0.43,2.36,2.62,2109.97
203.39,790.72,70.61,80.06,51.49,26.91,17.86,12.45,0.00,0.50,2.11,2.34,1967.62
205.78,775.94,65.83,81.70,51.82,27.07,17.92,12.25,0.00,0.36,1.86,1.99,1729.98
208.18,764.70,61.78,83.66,51.85,26.97,17.96,11.77,0.00,0.03,1.69,1.59,1441.42
210.57,758.09,58.51,86.16,51.77,26.60,17.91,11.08,0.00,0.00,1.66,1.24,1148.65
212.96,756.01,56.09,89.23,51.85,26.01,17.75,10.29,0.00,0.00,1.78,0.98,887.20
215.35,757.19,54.42,92.74,52.29,25.35,17.52,9.57,0.00,0.00,2.04,0.78,675.58
217.74,760.10,53.35,96.58,53.09,24.83,17.32,9.04,0.00,0.00,2.37,0.62,517.20
220.14,764.00,52.68,100.72,54.11,24.67,17.22,8.78,0.00,0.00,2.68,0.48,405.98
222.53,769.10,52.28,105.21,55.13,24.95,17.21,8.78,0.00,0.00,2.91,0.36,331.70
224.92,775.71,52.06,110.06,56.02,25.62,17.28,8.95,0.00,0.00,3.06,0.29,283.38
227.31,783.00,51.98,115.01,56.79,26.44,17.40,9.22,0.00,0.00,3.15,0.27,251.13
229.70,788.67,51.97,119.63,57.60,27.19,17.63,9.59,0.00,0.00,3.22,0.28,227.10
232.10,789.84,51.92,123.42,58.59,27.74,18.02,10.01,0.00,0.00,3.24,0.26,205.94
234.49,784.53,51.68,126.10,59.84,28.14,18.58,10.42,0.00,0.00,3.17,0.22,184.80
236.88,772.48,51.05,127.64,61.23,28.52,19.16,10.71,0.00,0.00,2.98,0.15,162.90
239.27,755.01,49.94,128.20,62.44,28.95,19.57,10.85,0.00,0.00,2.65,0.11,140.75
241.66,734.22,48.32,127.98,63.14,29.39,19.66,10.84,0.00,0.00,2.17,0.14,119.40
244.06,712.25,46.33,127.17,63.13,29.71,19.42,10.75,0.00,0.00,1.58,0.24,99.81
246.45,690.88,44.20,126.01,62.42,29.81,18.98,10.63,0.00,0.00,0.99,0.39,82.55
248.84,671.47,42.24,124.82,61.21,29.63,18.55,10.53,0.00,0.00,0.52,0.55,67.82
251.23,655.03,40.71,123.95,59.79,29.20,18.28,10.48,0.00,0.00,0.23,0.68,55.55
253.62,642.29,39.78,123.70,59.12,28.58,18.20,10.52,0.00,0.00,0.14,0.82,45.55
256.02,633.64,39.47,124.25,58.44,27.91,18.26,10.59,0.00,0.00,0.18,0.99,37.54
258.41,629.07,39.66,125.57,57.38,27.32,18.38,10.60,0.00,0.00,0.30,1.21,31.22
260.80,628.08,40.14,127.47,56.76,26.92,18.48,10.47,0.00,0.00,0.44,1.45,26.26
263.19,629.75,40.70,129.66,56.62,26.74,18.47,10.18,0.00,0.00,0.58,1.66,22.40
265.58,633.07,41.24,131.89,56.96,26.78,18.32,9.87,0.00,0.00,0.68,1.76,19.41
267.98,637.20,41.78,134.04,57.73,27.02,18.12,9.66,0.00,0.00,0.78,1.71,17.08
270.37,641.57,42.41,136.15,58.79,27.42,17.98,9.62,0.00,0.00,0.93,1.51,15.25
272.76,645.67,43.20,138.27,60.01,27.91,18.00,9.74,0.00,0.00,1.13,1.25,13.84
275.15,648.84,44.20,140.35,61.29,28.40,18.19,9.94,0.00,0.00,1.34,0.98,12.87
277.54,650.27,45.37,142.19,62.54,28.79,18.52,10.16,0.00,0.00,1.49,0.78,12.37
279.94,649.47,46.63,143.53,63.73,29.02,18.84,10.42,0.00,0.00,1.54,0.67,12.30
282.33,646.81,47.91,144.20,64.74,29.07,19.05,10.70,0.00,0.00,1.50,0.67,12.47
284.72,643.82,49.12,144.32,65.48,29.00,19.06,10.97,0.00,0.07,1.44,0.76,12.63
287.11,642.94,50.33,144.36,65.92,28.91,18.89,11.19,0.00,0.03,1.40,0.86,12.63
289.50,646.95,51.83,145.14,66.16,28.88,18.60,11.31,0.00,0.00,1.44,0.86,12.45
291.90,657.98,54.05,147.47,66.42,29.04,18.29,11.32,0.00,0.00,1.54,0.71,12.15
294.29,676.56,57.44,151.82,66.96,29.49,18.12,11.28,0.00,0.00,1.68,0.44,11.86
296.68,700.86,62.11,158.02,67.98,30.31,18.23,11.27,0.00,0.00,1.77,0.08,11.61
299.07,726.88,67.77,165.33,69.64,31.55,18.72,11.35,0.00,0.00,1.76,0.00,11.41
301.46,749.84,73.81,172.69,72.03,33.17,19.56,11.54,0.00,0.00,1.66,0.00,11.26
303.86,766.05,79.62,179.06,75.11,35.03,20.60,11.83,0.00,0.00,1.50,0.00,11.21
306.25,774.33,84.82,183.75,78.69,36.92,21.69,12.19,0.00,0.00,1.35,0.00,11.34
308.64,776.12,89.26,186.63,82.41,38.64,22.71,12.55,0.00,0.00,1.25,0.00,11.70
311.03,774.27,92.96,188.03,85.77,40.04,23.62,12.80,0.00,0.00,1.22,0.00,12.24
313.42,771.40,96.09,188.53,88.35,41.09,24.37,12.90,0.00,0.00,1.19,0.00,12.88
315.82,768.44,99.01,188.62,89.98,41.82,24.91,12.85,0.00,0.00,1.15,0.00,13.55
318.21,764.33,102.13,188.50,90.80,42.33,25.25,12.74,0.00,0.00,1.05,0.00,14.23
320.60,756.69,105.66,188.03,91.13,42.67,25.42,12.69,0.00,0.00,0.81,0.00,14.93
322.99,743.26,109.46,186.81,91.28,42.85,25.51,12.82,0.00,0.00,0.41,0.00,15.70
325.38,723.26,113.07,184.36,91.32,42.83,25.56,13.16,0.00,0.00,0.01,0.00,16.59
327.78,698.02,116.01,180.45,91.06,42.54,25.52,13.59,0.00,0.00,0.00,0.00,17.63
330.17,670.56,118.11,175.25,90.24,41.95,25.32,13.94,0.00,0.00,0.00,0.02,18.76
332.56,644.45,119.71,169.41,88.68,41.07,24.86,14.01,0.00,0.00,0.45,0.12,19.91
334.95,622.89,121.53,163.98,86.48,39.95,24.17,13.75,0.00,0.12,1.01,0.16,21.08
337.34,608.15,124.40,159.98,83.95,38.71,23.39,13.31,0.00,0.29,1.44,0.10,22.26
339.74,601.39,129.04,158.12,81.50,37.49,22.74,12.88,0.00,0.45,1.61,0.00,23.37
342.13,602.42,135.90,158.60,79.49,36.48,22.32,12.60,0.00,0.57,1.54,0.00,24.28
344.52,609.54,145.13,161.21,78.14,35.83,22.14,12.47,0.00,0.63,1.35,0.00,24.89
346.91,619.85,156.44,165.46,77.58,35.59,22.10,12.40,0.00,0.58,1.12,0.00,25.20
349.30,630.10,169.16,170.66,77.92,35.73,22.11,12.32,0.00,0.45,0.93,0.00,25.33
351.70,637.99,182.33,176.08,79.20,36.13,22.18,12.26,0.00,0.28,0.77,0.00,25.44
354.09,643.11,195.00,181.14,81.28,36.67,22.33,12.26,0.00,0.14,0.60,0.00,25.63
356.48,647.09,206.61,185.74,83.85,37.29,22.61,12.35,0.00,0.05,0.41,0.00,25.87
358.87,652.85,217.16,190.34,86.57,38.00,23.03,12.43,0.00,0.00,0.23,-1.11,26.09
361.26,663.24,227.25,195.66,89.21,38.90,23.59,12.51,0.00,0.00,0.07,0.00,26.29
363.66,679.91,237.84,202.36,91.77,40.07,24.25,12.68,0.00,0.00,0.00,0.00,26.56
366.05,702.63,249.87,210.66,94.38,41.47,24.95,12.85,0.00,0.00,0.01,0.00,26.96
368.44,729.44,263.92,220.29,97.22,42.99,25.69,13.10,0.00,0.00,0.09,0.00,27.49
370.83,757.56,279.77,230.54,100.40,44.52,26.54,13.53,0.00,0.00,0.16,0.00,28.07
373.22,784.64,296.50,240.52,103.85,46.04,27.54,14.20,0.00,0.00,0.16,0.00,28.59
375.62,809.64,312.86,249.55,107.41,47.57,28.69,15.04,0.00,0.00,0.11,0.00,29.02
378.01,832.92,327.95,257.33,110.89,49.12,29.89,15.91,0.00,0.00,0.03,0.00,29.40
380.40,855.28,341.63,263.97,114.14,50.63,31.02,16.65,0.00,0.00,0.04,0.00,29.81
382.79,876.87,354.37,269.76,117.11,52.03,31.96,17.16,0.00,0.00,0.17,0.00,30.27
385.18,896.70,366.67,274.81,119.85,53.27,32.70,17.40,0.00,0.04,0.40,0.35,30.76
387.58,913.03,378.42,278.88,122.43,54.34,33.31,17.46,0.00,0.34,0.62,0.57,31.21
389.97,924.51,388.78,281.43,124.88,55.22,33.90,17.43,0.00,0.37,0.67,0.58,31.62
392.36,931.08,396.64,282.02,127.05,55.89,34.48,17.43,0.00,0.16,0.51,0.39,32.04
394.75,934.23,401.31,280.72,128.65,56.33,35.02,17.52,0.00,0.00,0.21,0.08,32.50
397.14,936.14,403.08,278.19,129.39,56.50,35.46,17.69,0.00,0.00,0.00,0.00,33.06
399.54,938.13,403.06,275.48,129.15,56.38,35.78,17.88,0.00,0.00,0.00,0.00,33.72
401.93,939.07,402.74,273.48,128.09,56.04,35.97,18.01,0.00,0.00,0.14,0.00,34.52
404.32,934.98,403.01,272.34,126.63,55.62,36.01,18.06,0.00,0.00,0.57,0.00,35.53
406.71,920.62,403.51,271.19,125.20,55.28,35.88,18.07,0.00,0.00,1.05,0.00,36.86
409.10,892.33,402.49,268.42,124.04,55.09,35.56,18.08,0.00,0.00,1.42,0.00,38.57
411.50,850.38,397.55,262.55,123.00,54.94,35.04,18.11,0.00,0.00,1.56,0.00,40.75
413.89,799.32,386.98,253.04,121.62,54.52,34.33,18.10,0.00,0.00,1.48,0.00,43.54
416.28,746.03,370.84,240.71,119.42,54.04,33.45,17.98,0.00,0.00,1.31,0.00,47.22
418.67,697.03,351.07,227.29,116.10,53.55,32.37,17.70,0.00,0.00,1.18,0.00,52.18
421.06,656.50,330.61,214.59,111.71,51.86,31.09,17.20,0.00,0.00,1.20,0.00,58.81
423.46,626.00,312.09,203.78,106.56,49.56,29.59,16.46,0.00,0.00,1.39,0.00,67.34
425.85,605.32,297.12,195.34,101.17,46.96,27.95,15.55,0.00,0.00,1.67,0.00,77.50
428.24,593.62,286.21,189.32,96.13,44.42,26.29,14.61,0.00,0.00,1.90,0.00,88.34
430.63,590.03,279.35,185.70,91.94,42.20,24.77,13.82,0.00,0.00,1.96,0.00,98.28
433.02,593.56,276.40,184.51,88.97,40.45,23.54,13.33,0.00,0.00,1.77,0.00,105.44
435.42,602.55,277.16,185.68,87.38,39.24,22.73,13.18,0.00,0.00,1.39,0.00,108.39
437.81,614.20,281.16,188.88,87.22,38.61,22.39,13.33,0.00,0.00,0.95,0.00,106.63
440.20,624.66,287.38,193.37,88.35,38.61,22.50,13.68,-2.97,0.00,0.56,0.00,100.86
442.59,630.15,294.37,198.03,90.50,39.25,23.00,14.11,0.00,0.00,0.31,0.00,92.70
444.98,628.57,300.47,201.70,93.20,40.39,23.82,14.49,0.00,0.00,0.23,0.00,83.93
447.38,620.73,304.38,203.66,95.89,41.75,24.89,14.75,0.00,0.00,0.31,0.00,75.96
449.77,610.26,305.65,203.99,97.98,42.96,26.06,14.84,0.00,0.00,0.51,0.00,69.47
452.16,602.19,304.96,203.55,99.16,43.75,27.18,14.82,0.00,0.00,0.73,0.00,64.62
454.55,601.10,304.05,203.62,99.52,44.01,28.07,14.80,0.00,0.00,0.85,0.00,61.30
456.94,609.87,305.08,205.41,99.56,43.89,28.70,14.87,0.00,0.00,0.81,0.00,59.41
459.34,629.23,309.97,209.71,99.91,43.74,29.14,15.11,0.00,0.00,0.65,0.00,59.03
461.73,657.89,319.80,216.76,101.11,43.97,29.52,15.58,0.00,0.00,0.49,0.00,60.54
464.12,692.75,334.75,226.26,103.43,44.91,30.00,16.24,0.00,0.00,0.43,0.00,65.00
466.51,729.20,354.20,237.46,106.97,46.63,30.69,17.00,0.00,0.00,0.51,0.00,74.89
468.90,761.73,376.78,249.16,111.64,49.00,31.64,17.74,0.00,0.00,0.72,0.00,95.51
471.30,785.00,400.30,259.81,117.25,51.75,32.78,18.38,0.00,0.00,0.97,0.00,136.52
473.69,795.24,421.91,267.75,123.40,54.59,33.98,18.93,0.00,0.00,1.17,0.00,212.55
476.08,791.48,438.54,271.59,129.42,57.28,35.03,19.44,0.00,0.00,1.22,0.00,341.23
478.47,776.04,447.92,270.73,134.45,59.56,35.77,19.88,0.00,0.00,1.11,0.00,537.87
480.86,753.75,449.43,265.55,137.68,61.12,36.11,20.18,0.00,0.00,0.92,0.00,808.21
483.26,730.21,444.44,257.39,138.57,61.75,36.03,20.28,0.00,0.00,0.72,0.00,1143.11
485.65,709.91,435.76,248.01,137.12,61.37,35.59,20.20,0.00,0.00,0.58,0.00,1518.75
488.04,695.32,426.58,239.13,133.87,60.16,34.90,19.98,0.00,0.00,0.53,0.00,1902.73
490.43,686.99,419.47,232.01,129.78,58.44,34.13,19.65,0.00,0.00,0.58,0.00,2262.43
492.82,684.10,415.87,227.32,125.89,56.59,33.48,19.22,0.00,0.00,0.70,0.00,2570.61
495.22,684.90,416.20,225.10,122.96,54.96,33.12,18.75,0.00,0.00,0.85,0.00,2806.40
497.61,686.91,420.02,224.91,121.32,53.79,33.06,18.35,0.00,0.00,0.96,0.00,2954.26
500.00,687.25,426.16,225.92,120.88,53.22,33.18,18.15,0.00,0.00,0.98,0.00,3004.59
501.00,683.41,432.84,227.07,121.24,53.22,33.28,18.17,0.00,0.00,0.92,0.00,2956.45
505.34,674.22,438.01,227.38,121.84,53.58,33.25,18.29,0.00,0.00,0.88,0.00,2819.56
509.68,660.24,439.97,226.23,122.11,54.02,33.09,18.37,0.00,0.00,0.83,0.00,2612.74
514.02,643.46,438.05,223.54,121.63,54.30,32.89,18.26,0.00,0.00,0.78,0.00,2359.20
518.36,626.19,432.91,219.71,120.25,54.26,32.67,17.92,0.00,0.00,0.77,0.08,2081.71
522.70,609.95,426.10,215.44,118.22,53.89,32.38,17.43,0.00,0.00,0.79,0.32,1799.82
527.03,594.93,419.17,211.32,115.98,53.26,31.94,16.97,0.00,0.00,0.85,0.32,1529.19
531.37,580.13,412.84,207.61,113.95,52.44,31.39,16.70,0.00,0.00,1.01,0.13,1281.59
535.71,564.08,406.84,204.17,112.30,51.51,30.82,16.70,0.00,0.00,1.33,0.00,1064.41
540.05,545.75,400.24,200.58,110.88,50.51,30.30,16.88,0.00,0.00,1.81,0.00,880.32
544.39,525.19,392.21,196.40,109.36,49.49,29.80,17.06,0.00,0.00,2.32,0.00,727.78
548.73,503.76,382.40,191.40,107.45,48.40,29.21,17.02,0.00,0.00,2.68,0.00,602.64
553.07,483.71,371.20,185.76,105.01,47.18,28.49,16.66,0.00,0.00,2.74,0.00,499.94
557.41,467.56,359.69,180.08,102.07,45.76,27.66,16.05,0.00,0.00,2.49,0.00,415.30
561.75,457.52,349.39,175.25,98.86,44.17,26.86,15.34,0.00,0.00,2.02,0.00,345.40
566.09,455.27,341.90,172.16,95.74,42.54,26.19,14.69,0.00,0.00,1.51,0.00,287.98
570.43,461.87,338.52,171.52,93.16,41.11,25.71,14.23,0.00,0.00,1.14,0.00,241.53
574.77,477.60,340.24,173.78,91.56,40.14,25.58,13.96,0.00,-1.91,1.00,0.00,204.81
579.10,501.66,347.71,179.19,91.27,39.83,25.44,13.87,0.00,0.00,1.07,0.00,176.48
583.44,531.82,361.16,187.82,92.54,40.28,25.42,13.93,0.00,0.00,1.27,0.00,154.94
587.78,564.60,380.07,199.41,95.52,41.49,25.73,14.15,0.00,0.00,1.54,0.00,138.47
592.12,596.06,402.94,213.20,100.27,43.37,26.45,14.56,0.00,0.00,1.85,0.00,125.56
596.46,622.80,427.39,227.89,106.56,45.80,27.59,15.17,0.00,0.00,2.16,0.00,115.02
600.80,642.83,450.61,241.93,113.79,48.63,29.00,15.92,0.00,0.00,2.37,0.00,106.08
605.14,655.59,470.20,253.88,121.01,51.65,30.44,16.70,0.00,0.00,2.42,0.00,98.23
609.48,661.38,484.71,262.88,127.26,54.55,31.69,17.36,0.00,0.00,2.28,0.00,91.15
613.82,660.69,493.81,268.67,131.93,57.05,32.71,17.78,0.00,0.00,2.01,0.00,84.66
618.16,653.89,497.98,271.40,134.97,59.00,33.54,17.99,0.00,0.00,1.71,0.00,78.68
622.50,641.23,497.71,271.25,136.73,60.33,34.30,18.12,0.00,0.00,1.49,0.00,73.21
626.83,623.26,493.14,268.28,137.57,61.07,35.07,18.29,0.00,0.00,1.36,0.00,68.31
631.17,601.08,484.13,262.58,137.64,61.22,35.86,18.54,0.00,0.00,1.30,0.00,64.04
635.51,576.43,470.85,254.55,136.78,60.78,36.60,18.79,0.00,0.00,1.26,0.00,60.49
639.85,551.51,454.18,245.06,134.76,59.75,37.12,18.96,0.00,0.00,1.21,0.00,57.67
644.19,528.30,435.71,235.30,131.56,58.22,37.28,18.95,0.00,0.00,1.17,0.00,55.54
648.53,508.11,417.29,226.33,127.50,56.35,36.99,18.71,0.00,0.00,1.12,0.00,53.98
652.87,491.43,400.52,218.87,123.12,54.37,36.26,18.20,0.00,0.00,1.08,0.00,52.80
657.21,478.19,386.40,213.15,118.95,52.52,35.23,17.49,0.00,0.00,1.06,0.00,51.76
661.55,468.26,375.32,209.17,115.35,50.96,34.09,16.67,0.00,0.00,1.10,0.00,50.68
665.89,461.81,367.18,206.81,112.41,49.72,33.01,15.92,0.00,0.00,1.19,0.00,49.41
670.23,459.26,361.69,205.96,110.07,48.74,32.04,15.36,0.00,0.00,1.27,0.00,47.88
674.57,461.12,358.63,206.55,108.24,47.90,31.20,15.02,0.00,0.00,1.26,0.00,46.10
678.90,467.73,358.03,208.60,106.91,47.15,30.45,14.88,0.00,0.00,1.16,0.00,44.17
683.24,479.07,360.12,212.14,106.24,46.53,29.82,14.87,0.00,0.00,1.07,0.00,42.28
687.58,494.74,365.06,217.18,106.45,46.20,29.41,14.97,0.00,0.00,1.06,0.00,40.68
691.92,513.63,372.77,223.57,107.70,46.34,29.27,15.19,0.00,0.00,1.10,0.00,39.59
696.26,533.73,382.81,230.97,109.97,47.02,29.39,15.50,0.00,0.00,1.06,0.00,39.11
700.60,551.95,394.39,238.86,113.02,48.20,29.68,15.85,0.00,0.00,0.83,0.00,39.13
704.94,564.78,406.41,246.59,116.53,49.67,30.10,16.19,0.00,0.00,0.41,0.00,39.48
709.28,569.41,417.47,253.40,120.15,51.20,30.66,16.52,0.00,0.00,0.00,0.00,40.01
713.62,564.89,425.95,258.53,123.61,52.60,31.43,16.87,0.00,0.00,0.00,0.00,40.74
717.96,552.66,430.39,261.36,126.60,53.77,32.38,17.26,0.00,0.00,0.00,0.00,41.77
722.30,535.99,429.99,261.60,128.78,54.61,33.40,17.68,0.00,0.00,0.00,0.00,43.19
726.63,518.69,424.98,259.46,129.84,55.09,34.23,17.99,0.00,0.00,0.00,0.00,44.99
730.97,503.62,416.63,255.53,129.61,55.16,34.66,18.08,0.00,0.00,0.00,0.00,47.13
735.31,491.97,406.73,250.62,128.19,54.84,34.63,17.86,0.00,0.00,0.00,0.00,49.50
739.65,483.60,396.93,245.49,125.92,54.22,34.22,17.40,0.00,0.00,0.00,0.00,52.04
743.99,477.91,388.39,240.71,123.26,53.45,33.60,16.85,0.00,0.00,0.00,0.00,54.68
748.33,474.65,381.68,236.70,120.65,52.65,32.90,16.36,0.00,0.00,0.08,0.00,57.32
752.67,473.98,377.10,233.82,118.42,52.28,32.18,16.00,0.00,0.00,0.27,0.00,59.88
757.01,476.11,374.87,232.31,116.71,51.91,31.48,15.80,0.00,0.00,0.54,0.00,62.32
761.35,480.89,375.25,232.29,115.60,51.26,30.88,15.75,0.00,0.00,0.80,0.00,64.72
765.69,487.83,378.43,233.72,115.07,50.77,30.43,15.87,0.00,0.00,0.91,0.00,67.21
770.03,496.70,384.34,236.52,115.12,50.51,30.23,16.14,0.00,0.00,0.80,0.00,69.96
774.37,508.22,392.79,240.67,115.74,50.56,30.29,16.53,0.00,0.00,0.51,0.00,72.98
778.70,524.49,403.67,246.30,117.00,50.94,30.56,16.98,0.00,0.00,0.21,0.00,76.12
783.04,548.64,417.31,253.81,119.04,51.62,30.97,17.39,0.00,0.00,0.03,0.00,79.21
787.38,583.69,434.77,263.95,122.09,52.61,31.42,17.70,0.00,0.00,0.04,0.00,82.10
791.72,630.61,457.66,277.52,126.44,53.94,31.93,17.92,0.00,0.00,0.17,0.00,84.75
796.06,686.70,487.45,294.89,132.45,55.71,32.66,18.14,0.00,0.00,0.30,0.00,87.16
800.40,745.09,524.41,315.38,140.40,58.12,33.82,18.56,0.00,0.00,0.34,0.00,89.41
804.74,796.09,566.62,337.02,150.25,61.37,35.58,19.31,0.00,0.00,0.27,0.00,91.58
809.08,830.23,609.72,356.83,161.30,65.52,37.91,20.39,0.00,0.00,0.13,0.00,93.69
813.42,841.67,647.53,371.50,166.70,70.28,40.63,21.64,0.00,0.00,0.00,0.00,95.65
817.76,830.42,673.65,378.33,172.11,75.06,43.38,22.84,0.00,0.00,0.00,0.00,97.32
822.10,802.28,683.58,376.15,180.82,79.07,45.84,23.84,0.00,0.00,0.00,0.00,98.58
826.43,766.55,676.45,365.75,185.78,81.58,47.66,24.57,0.00,0.00,0.00,0.00,99.38
830.77,732.87,655.61,349.71,186.19,82.19,48.64,24.98,0.00,0.00,0.27,0.00,99.75
835.11,708.40,627.53,331.61,182.39,80.91,48.67,24.99,0.00,0.00,0.74,0.00,99.78
839.45,696.41,599.68,314.95,175.65,78.18,47.85,24.59,0.00,0.00,1.21,0.00,99.58
843.79,696.27,578.34,302.38,167.70,74.75,46.42,23.88,0.00,0.00,1.56,0.00,99.28
848.13,704.47,567.18,295.12,160.24,71.42,44.75,23.07,0.00,0.00,1.74,0.00,99.00
852.47,716.01,566.85,292.94,154.56,68.80,43.19,22.33,0.00,0.00,1.75,0.00,98.88
856.81,725.58,575.28,294.35,151.33,67.15,42.05,21.79,0.00,0.00,1.62,0.00,99.09
861.15,728.37,588.56,297.22,150.52,66.42,41.48,21.46,0.00,0.00,1.51,0.00,99.81
865.49,720.89,602.02,299.41,151.51,66.32,41.46,21.33,0.00,0.00,1.41,0.00,101.12
869.83,701.98,611.32,299.27,153.24,66.43,41.78,21.32,0.00,0.00,1.14,0.00,102.96
874.17,673.47,613.33,295.93,154.61,66.38,42.17,21.41,0.00,0.00,0.85,0.00,105.21
878.50,640.09,606.76,289.35,154.71,65.86,42.33,21.52,0.00,0.00,0.59,0.00,107.77
882.84,608.21,592.47,280.23,153.07,64.75,42.06,21.58,0.00,0.00,0.40,0.00,110.61
887.18,583.69,573.26,269.91,149.71,63.10,41.29,21.48,0.00,0.00,0.29,0.00,113.71
891.52,570.02,553.20,260.01,145.00,61.08,40.06,21.17,0.00,0.00,0.20,0.00,116.90
895.86,567.36,536.45,252.07,139.62,58.95,38.53,20.70,0.00,0.00,0.09,0.00,119.91
900.20,572.96,526.03,247.13,134.37,56.94,36.97,20.18,0.00,0.00,0.00,0.00,122.45
904.54,582.65,522.99,245.41,130.03,55.25,35.69,19.71,0.00,0.00,0.00,0.00,124.36
908.88,592.59,526.41,246.31,127.09,54.01,34.92,19.34,0.00,0.00,0.00,0.00,125.60
913.22,600.58,533.99,248.67,125.66,53.26,34.71,19.11,0.00,0.00,0.12,0.00,126.15
917.56,606.30,543.11,251.26,125.42,52.92,34.95,19.06,0.00,0.00,0.30,0.00,126.04
921.90,610.83,551.75,253.27,125.81,52.86,35.38,19.17,0.00,0.00,0.45,0.00,125.44
926.23,615.68,558.95,254.54,126.33,52.89,35.75,19.39,0.00,0.00,0.50,0.00,124.74
930.57,622.02,564.90,255.50,126.72,52.94,35.93,19.60,0.00,0.00,0.46,0.00,124.50
934.91,630.43,570.63,256.84,127.03,53.03,35.93,19.71,0.00,0.00,0.38,0.00,125.45
939.25,641.08,577.44,259.18,127.51,53.29,35.84,19.76,0.00,0.00,0.33,0.00,128.66
943.59,654.26,586.37,262.88,128.42,53.88,35.76,19.87,0.00,0.00,0.33,0.00,136.10
947.93,670.91,597.75,267.93,129.91,54.87,35.75,20.16,0.00,0.00,0.37,0.00,151.50
952.27,692.81,611.34,274.11,131.99,56.22,35.87,20.66,0.00,0.00,0.41,0.00,181.40
956.61,722.06,626.90,281.24,134.60,57.85,36.22,21.29,0.00,0.00,0.40,0.00,235.59
960.95,760.10,644.77,289.42,137.76,59.66,36.90,21.92,0.00,0.00,0.34,0.00,326.58
965.29,806.38,665.97,299.03,141.53,61.66,37.90,22.43,0.00,0.00,0.20,0.00,467.18
969.63,857.54,691.72,310.43,146.04,63.93,39.12,22.82,0.00,0.00,0.00,0.00,666.18
973.97,907.67,722.46,323.62,151.36,66.56,40.40,23.13,0.00,0.00,0.00,0.00,922.92
978.30,949.84,757.07,337.91,157.46,69.54,41.65,23.46,0.00,0.00,0.00,0.00,1223.13
982.64,978.42,792.57,351.92,164.23,72.68,42.88,23.87,-5.59,0.00,0.00,0.00,1538.69
986.98,991.11,824.61,363.91,171.44,75.69,44.20,24.42,0.00,0.00,0.00,0.00,1832.52
991.32,989.61,848.73,372.30,178.62,78.27,45.68,25.05,0.00,0.00,0.00,0.00,2067.45
995.66,978.77,861.78,376.13,185.09,80.20,47.24,25.72,0.00,0.00,0.00,0.00,2215.54
1000.00,964.48,863.02,375.36,190.03,81.39,48.69,26.32,0.00,0.00,0.00,0.00,2264.36
1001.00,951.46,854.36,370.75,192.78,81.90,49.83,26.75,0.00,0.00,0.00,0.00,2218.05
1008.23,941.86,839.48,363.61,193.09,81.87,50.56,26.99,0.00,0.00,0.00,0.00,2093.49
1015.46,935.08,822.56,355.41,191.28,81.44,50.85,27.05,0.00,0.00,0.00,0.00,1914.08
1022.70,928.99,806.90,347.48,188.05,80.69,50.75,27.01,0.00,0.00,0.00,0.00,1703.80
1029.93,921.45,794.14,340.65,184.22,79.67,50.33,26.97,0.00,0.00,0.00,0.00,1483.28
1037.16,911.61,784.31,335.16,180.43,78.42,49.66,26.91,0.00,0.00,0.00,0.00,1268.09
1044.39,900.20,776.36,330.73,176.97,77.07,48.86,26.75,0.00,0.00,0.00,0.00,1068.74
1051.62,889.09,769.02,326.90,173.88,75.73,47.99,26.36,0.00,0.00,0.00,0.00,891.67
1058.86,880.41,761.61,323.32,171.12,74.51,47.10,25.75,0.00,0.00,0.00,0.00,740.24
1066.09,875.86,754.34,320.08,168.67,73.38,46.22,25.03,0.00,0.00,0.00,0.00,615.22
1073.32,876.45,748.25,317.56,166.51,72.33,45.35,24.42,0.00,0.00,0.00,0.00,515.14
1080.55,882.79,744.52,316.19,164.68,71.39,44.58,24.09,0.00,0.00,0.00,0.00,436.81
1087.78,895.61,743.87,316.24,163.29,70.71,43.99,24.06,0.00,0.00,0.00,0.00,376.26
1095.01,916.16,746.38,317.76,162.54,70.45,43.71,24.23,0.00,0.00,0.00,0.00,329.60
1102.25,946.24,751.85,320.81,162.64,70.67,43.81,24.43,0.00,0.00,0.00,0.00,293.48
1109.48,987.83,760.38,325.65,163.75,71.32,44.25,24.51,0.00,0.00,0.00,0.00,265.11
1116.71,1042.45,772.71,332.77,165.90,72.38,44.94,24.50,0.00,0.00,0.00,0.00,242.26
1123.94,1110.59,790.20,342.77,169.04,73.95,45.79,24.52,0.00,0.00,0.00,0.00,223.19
1131.17,1191.10,814.30,356.05,173.20,76.19,46.84,24.72,0.00,0.00,0.00,0.00,206.67
1138.41,1280.47,845.91,372.58,178.55,79.24,48.19,25.20,0.00,0.00,0.00,0.00,191.91
1145.64,1372.16,884.73,391.67,185.30,83.07,49.94,25.98,0.00,0.00,0.00,0.00,178.56
1152.87,1456.70,928.78,411.87,193.47,87.41,52.07,27.05,0.00,0.00,0.00,0.00,166.60
1160.10,1523.28,974.26,431.12,202.70,91.86,54.45,28.34,0.00,0.00,0.00,0.00,156.18
1167.33,1562.88,1015.84,446.94,212.17,95.97,56.86,29.76,0.00,0.00,0.00,0.00,147.42
1174.57,1571.71,1047.65,457.03,220.79,99.36,59.13,31.16,0.00,0.00,0.00,0.00,140.26
1181.80,1553.07,1064.62,459.85,227.42,101.73,61.09,32.36,0.00,0.00,0.00,0.00,134.38
1189.03,1516.17,1064.02,455.22,231.12,102.90,62.56,33.17,0.00,0.00,0.00,0.00,129.38
1196.26,1472.30,1046.37,444.41,231.34,102.81,63.34,33.54,0.00,0.00,0.00,0.00,125.01
1203.49,1430.49,1015.47,429.75,228.10,101.55,63.32,33.49,0.00,0.00,0.00,0.00,121.26
1210.72,1394.99,977.35,413.86,221.98,99.37,62.53,33.31,0.00,0.00,0.00,-5.67,118.25
1217.96,1365.42,938.41,398.92,214.04,96.63,61.19,33.14,0.00,0.00,0.00,0.00,115.98
1225.19,1338.90,903.54,386.19,205.52,93.67,59.55,32.57,0.00,0.00,0.00,0.00,114.24
1232.42,1312.39,874.97,375.89,197.51,90.74,57.86,31.84,0.00,0.00,0.00,0.00,112.76
1239.65,1284.17,852.27,367.47,190.75,88.00,56.30,30.98,0.00,0.00,0.00,0.00,111.36
1246.88,1253.94,833.33,359.99,185.45,85.56,54.99,30.12,0.00,0.00,0.00,0.00,110.05
1254.12,1222.40,815.75,352.60,181.39,83.49,53.90,29.39,0.00,0.00,0.00,0.00,108.88
1261.35,1190.69,797.88,344.80,178.14,81.77,52.92,28.86,0.00,0.00,0.00,0.00,107.79
1268.58,1160.20,779.14,336.49,175.21,81.02,51.91,28.44,0.00,0.00,0.00,0.00,106.54
1275.81,1132.38,759.78,327.82,172.25,80.28,50.79,28.00,0.00,0.00,0.00,0.00,104.94
1283.04,1108.48,740.48,319.17,169.02,78.82,49.63,27.47,0.00,0.00,0.00,0.00,102.96
1290.28,1089.11,722.02,310.99,165.51,77.24,48.56,26.89,0.00,0.00,0.00,0.00,100.81
1297.51,1074.08,705.16,303.75,161.89,75.52,47.68,26.40,0.00,0.00,0.00,0.00,98.80
1304.74,1062.62,690.59,297.78,158.53,73.79,47.05,26.08,0.00,0.00,0.00,0.00,97.20
1311.97,1053.93,678.76,293.16,155.76,72.20,46.60,25.92,0.00,0.00,0.00,0.00,96.17
1319.20,1047.68,669.73,289.78,153.73,70.87,46.25,25.85,0.00,0.00,0.00,0.00,95.68
1326.43,1044.26,663.13,287.43,152.41,69.86,45.90,25.72,0.00,0.00,0.00,0.00,95.63
1333.67,1044.60,658.34,285.95,151.66,69.13,45.51,25.44,0.00,0.00,0.00,0.00,95.88
1340.90,1049.71,654.85,285.30,151.34,68.66,45.12,24.97,0.00,0.00,0.00,0.00,96.32
1348.13,1060.35,652.56,285.51,151.34,68.45,44.86,24.38,0.00,0.00,0.00,0.00,96.89
1355.36,1076.86,651.84,286.66,151.60,68.46,44.79,23.78,0.00,0.00,-2.46,0.00,97.59
1362.59,1099.25,653.28,288.85,152.15,68.64,44.88,23.24,0.00,0.00,0.00,0.00,98.59
1369.83,1127.42,657.40,292.16,153.07,68.93,44.99,22.84,0.00,0.00,0.00,0.00,100.22
1377.06,1161.29,664.48,296.62,154.46,69.34,45.01,22.59,0.00,0.00,0.00,0.00,102.89
1384.29,1201.15,674.59,302.21,156.38,69.98,44.92,22.51,0.00,0.00,0.00,0.00,106.98
1391.52,1248.51,687.67,308.91,158.83,70.99,44.85,22.62,0.00,-3.58,0.00,0.00,112.86
1398.75,1307.31,703.70,316.91,161.82,72.46,44.79,22.93,0.00,0.00,0.00,0.00,121.25
1405.99,1385.18,722.87,326.79,165.42,74.37,44.79,23.45,0.00,0.00,0.00,0.00,134.09
1413.22,1493.60,746.06,339.67,169.80,76.57,45.11,24.12,0.00,0.00,0.00,0.00,155.73
1420.45,1646.15,775.38,357.15,175.25,79.00,45.89,24.87,0.00,0.00,0.00,0.00,194.17
1427.68,1854.56,814.52,381.35,182.23,81.77,47.21,25.60,0.00,0.00,0.00,0.00,261.88
1434.91,2123.42,868.59,414.51,191.38,85.26,49.10,26.28,0.00,0.00,0.00,0.00,375.37
1442.14,2445.33,942.85,458.30,203.56,90.07,51.64,27.03,0.00,0.00,0.00,0.00,552.63
1449.38,2798.99,1040.78,512.87,219.64,96.88,54.96,28.10,0.00,0.00,0.00,0.00,807.73
1456.61,3152.08,1161.68,576.01,240.23,106.25,59.23,29.76,0.00,0.00,0.00,0.00,1143.17
1463.84,3469.55,1299.22,643.07,265.17,118.31,64.62,32.18,0.00,0.00,0.00,0.00,1542.47
1471.07,3726.00,1441.55,707.82,293.18,132.62,71.20,35.33,0.00,0.00,0.00,0.00,1967.24
1478.30,3920.20,1573.66,764.07,321.89,148.05,78.85,39.01,0.00,0.00,0.00,0.00,2362.00
1485.54,4090.25,1681.64,807.55,348.25,163.08,87.14,42.90,0.00,0.00,0.00,0.00,2666.83
1492.77,4329.69,1757.67,837.68,369.51,176.19,95.39,46.64,0.00,0.00,0.00,0.00,2833.69
1500.00,4805.38,1804.85,859.07,384.17,186.31,102.74,49.89,0.00,0.00,0.00,0.00,2839.96
1501.00,5772.61,1841.44,883.47,392.83,193.21,108.57,52.41,0.00,0.00,0.00,0.00,2693.92
1510.24,7571.09,1905.37,932.85,398.86,197.91,112.71,54.19,0.00,0.00,0.00,0.00,2430.14
1519.48,10574.01,2060.91,1043.54,409.32,202.95,115.63,55.49,0.00,0.00,0.00,0.00,2097.51
1528.72,15065.40,2406.53,1269.64,436.62,213.08,118.46,56.84,0.00,0.00,0.00,0.00,1745.30
1537.96,21054.13,3077.86,1681.36,500.82,236.21,123.25,59.03,0.00,0.00,0.00,0.00,1412.60
1547.20,28096.41,4234.16,2353.11,631.24,284.35,133.50,63.43,0.00,0.00,0.00,0.00,1123.58
1556.44,35252.42,6018.14,3338.95,864.68,373.53,154.79,72.26,0.00,0.00,0.00,0.00,888.15
1565.69,41277.22,8490.02,4639.79,1237.25,520.98,195.04,88.89,0.00,0.00,0.00,0.00,705.67
1574.93,45009.91,11554.75,6175.07,1769.52,738.90,263.46,117.44,0.00,0.00,0.00,0.00,569.46
1584.17,45770.76,14916.79,7775.54,2448.94,1025.95,367.61,161.53,0.00,0.00,0.00,0.00,470.45
1593.41,43553.04,18098.69,9208.35,3217.88,1360.31,509.01,222.31,0.00,0.00,0.00,0.00,399.61
1602.65,38943.07,20540.11,10232.42,3976.04,1699.14,679.14,296.70,0.00,0.00,0.00,0.00,349.17
1611.89,32872.12,21756.16,10666.23,4600.93,1987.17,858.20,376.71,0.00,0.00,0.00,0.00,313.05
1621.13,26345.51,21496.70,10442.06,4981.33,2172.49,1018.54,450.68,0.00,0.00,0.00,0.00,286.88
1630.37,20226.05,19835.73,9624.75,5051.04,2222.97,1132.14,506.23,0.00,0.00,0.00,0.00,267.62
1639.61,15091.07,17145.76,8387.40,4808.74,2136.03,1179.35,533.97,0.00,0.00,0.00,0.00,253.09
1648.85,11179.93,13966.31,6954.97,4315.70,1937.59,1155.02,530.38,0.00,0.00,0.15,0.00,241.58
1658.09,8442.74,10827.92,5539.52,3673.38,1671.33,1069.09,498.61,0.00,0.00,0.38,0.00,231.63
1667.33,6659.06,8110.67,4292.34,2991.24,1384.05,942.00,446.92,0.00,0.00,0.41,0.00,222.15
1676.57,5561.45,5988.92,3286.89,2358.17,1113.34,797.40,385.59,0.00,0.00,0.26,0.00,212.49
1685.81,4913.34,4461.80,2530.30,1827.07,881.60,655.60,323.87,0.00,0.00,0.03,0.00,202.48
1695.06,4534.38,3428.45,1989.59,1414.82,696.65,529.94,268.06,0.00,0.00,0.00,0.00,192.32
1704.30,4295.65,2760.39,1617.37,1112.88,556.19,426.40,221.17,0.00,0.00,0.00,0.00,182.35
1713.54,4108.15,2344.60,1368.41,900.62,452.96,345.37,183.60,0.00,0.00,0.00,0.00,172.99
1722.78,3915.28,2096.66,1206.38,755.58,378.59,284.03,154.28,0.00,0.00,0.00,0.00,164.61
1732.02,3689.32,1956.65,1104.10,658.47,325.49,238.41,131.61,0.00,0.00,0.00,0.00,157.46
1741.26,3427.95,1880.87,1041.20,594.47,287.52,204.65,114.09,0.00,0.00,0.00,0.00,151.56
1750.50,3147.93,1835.87,1001.74,552.48,259.87,179.56,100.55,0.00,0.00,0.28,0.00,146.81
1759.74,2875.76,1796.36,972.97,524.10,238.92,160.75,90.17,0.00,0.00,0.72,0.00,143.01
1768.98,2637.93,1745.49,945.25,502.76,221.95,146.43,82.26,0.00,0.00,1.27,0.00,140.03
1778.22,2453.49,1675.56,912.48,483.24,206.95,135.22,76.20,0.00,0.00,1.79,0.00,137.81
1787.46,2330.80,1587.52,872.30,461.75,192.51,125.98,71.40,0.00,0.00,2.16,0.00,136.36
1796.70,2267.88,1488.87,825.60,436.14,177.81,117.77,67.39,0.00,0.00,2.30,0.00,135.62
1805.94,2255.07,1390.28,775.54,406.05,162.64,109.96,63.85,0.00,0.00,2.21,0.00,135.42
1815.19,2278.36,1302.19,726.28,372.76,147.39,102.26,60.61,0.00,0.00,1.97,0.00,135.47
1824.43,2322.62,1232.22,681.86,338.55,132.84,94.69,57.57,0.00,0.00,1.73,0.00,135.51
1833.67,2374.05,1184.07,645.33,305.85,119.79,87.53,54.62,0.00,0.00,1.58,0.00,135.41
1842.91,2421.97,1157.71,618.27,276.53,108.74,81.08,51.76,0.00,0.00,1.56,0.00,135.26
1852.15,2459.53,1150.33,600.69,251.54,99.83,75.53,49.08,0.00,0.00,1.61,0.00,135.34
1861.39,2483.67,1157.41,591.27,230.97,92.93,70.91,46.73,0.00,0.00,1.63,0.00,136.20
1870.63,2494.34,1173.84,587.82,214.33,87.78,67.13,44.81,0.00,0.00,1.54,0.00,138.80
1879.87,2493.46,1194.71,587.81,200.96,84.18,64.13,43.35,0.00,0.25,1.30,0.00,145.04
1889.11,2483.65,1215.97,588.82,190.20,81.92,61.90,42.31,0.00,0.59,0.93,0.00,158.46
1898.35,2467.34,1234.68,588.78,181.46,80.74,60.43,41.59,0.00,0.86,0.52,0.00,185.04
1907.59,2446.23,1249.02,586.07,174.18,80.28,59.70,41.05,0.00,1.05,0.18,0.00,233.63
1916.83,2421.42,1258.12,579.57,167.87,80.13,59.64,40.56,0.00,1.23,0.00,0.00,315.52
1926.07,2393.86,1261.96,568.74,162.18,79.97,60.14,40.07,0.00,1.46,0.02,0.00,442.65
1935.31,2364.58,1261.15,553.53,156.87,79.64,60.98,39.59,0.00,1.77,0.23,0.00,623.96
1944.56,2334.62,1256.69,534.22,151.87,79.16,61.85,39.20,0.00,2.12,0.55,0.00,860.85
1953.80,2304.65,1249.66,511.34,147.14,78.60,62.48,38.97,0.00,2.38,0.93,0.00,1143.14
1963.04,2274.76,1240.90,485.56,142.62,78.04,62.69,38.95,0.00,2.46,1.34,0.00,1447.83
1972.28,2244.54,1230.79,457.73,138.23,77.45,62.48,39.10,0.00,2.39,1.80,0.00,1741.64
1981.52,2213.32,1219.38,428.72,133.89,76.77,61.99,39.35,0.00,2.30,2.28,0.00,1987.40
1990.76,2180.27,1206.56,399.32,129.49,75.94,61.37,39.59,0.00,2.32,2.70,0.00,2152.58
2000.00,2144.54,1192.41,370.12,124.97,74.93,60.78,39.72,0.00,2.47,2.94,0.00,2217.41
2001.00,2105.56,1177.12,341.58,120.30,73.75,60.35,39.69,0.00,2.70,2.97,0.00,2179.53
2015.91,2063.41,1160.89,314.13,115.55,72.44,60.10,39.51,0.00,2.92,2.82,0.00,2053.03
2030.82,2019.15,1143.76,288.20,110.88,71.12,59.98,39.23,0.00,3.09,2.58,0.00,1862.80
2045.73,1974.78,1125.66,264.11,106.52,69.92,59.84,38.90,0.00,3.21,2.36,0.00,1637.27
2060.64,1933.03,1106.57,242.01,102.64,68.93,59.56,38.54,0.00,3.33,2.22,0.00,1402.52
2075.55,1896.97,1086.63,221.85,99.30,68.12,59.10,38.21,0.00,3.48,2.18,0.00,1178.86
2090.46,1883.20,1066.14,203.52,97.90,67.76,58.53,37.96,-5.80,3.66,2.21,0.00,979.37
2105.37,1869.43,1045.58,171.96,96.50,67.40,57.96,37.77,0.00,3.85,2.23,0.00,810.27
2120.28,1852.53,1025.60,158.69,94.18,66.71,57.46,37.58,0.00,4.05,2.36,0.00,672.36
2135.19,1847.33,1007.01,147.17,92.28,66.05,57.05,37.30,0.00,4.31,2.54,0.00,563.10
2150.10,1853.96,990.73,137.46,90.72,65.44,56.72,36.93,0.00,4.65,2.77,0.00,478.37
2165.01,1871.96,977.72,129.51,89.43,64.98,56.38,36.50,0.00,5.04,3.08,0.00,413.63
2179.93,1900.69,968.80,123.21,88.32,64.70,55.94,36.08,0.00,5.35,3.49,0.00,364.60
2194.84,1939.29,964.51,118.32,87.39,64.62,55.38,35.72,0.00,5.49,3.96,0.00,327.56
2209.75,1986.49,964.92,114.61,86.79,64.68,54.77,35.48,0.00,5.49,4.44,0.00,299.46
2224.66,2040.11,969.69,111.93,86.76,64.87,54.25,35.43,0.00,5.47,4.88,0.00,277.94
2239.57,2096.48,978.09,110.19,87.57,65.22,53.98,35.62,0.00,5.51,5.26,0.00,261.16
2254.48,2150.38,989.24,109.31,89.39,65.86,54.00,35.99,0.00,5.61,5.59,0.00,247.72
2269.39,2195.76,1002.11,109.12,92.15,66.91,54.29,36.40,0.00,5.67,5.83,0.00,236.56
2284.30,2227.25,1015.40,109.33,95.64,68.46,54.79,36.69,0.00,5.64,5.98,0.00,226.90
2299.21,2241.82,1027.47,109.58,99.51,70.40,55.44,36.80,0.00,5.53,6.01,0.00,218.13
2314.12,2239.75,1036.44,109.55,103.48,72.50,56.22,36.78,0.00,5.46,5.98,0.00,209.88
2329.03,2224.62,1040.53,109.05,107.40,74.49,57.09,36.78,0.00,5.54,5.95,0.00,201.97
2343.94,2202.28,1038.57,107.97,111.19,76.16,58.01,36.86,0.00,5.79,5.94,0.00,194.45
2358.85,2179.26,1030.37,106.39,114.78,77.50,58.92,37.00,0.00,6.14,5.94,0.00,187.48
2373.76,2161.17,1016.86,104.53,117.98,78.59,59.76,37.09,0.00,6.46,5.91,0.00,181.18
2388.67,2151.60,999.93,102.69,120.57,79.49,60.50,37.07,0.00,6.67,5.83,0.00,175.60
2403.58,2151.90,981.89,101.16,122.42,80.17,61.11,36.95,0.00,6.81,5.74,0.00,170.69
2418.49,2161.63,964.97,100.17,123.61,80.59,61.50,36.83,0.00,6.94,5.70,0.00,166.29
2433.40,2179.04,950.84,99.85,124.44,80.76,61.60,36.81,0.00,7.08,5.73,0.00,162.21
2448.31,2201.35,940.53,100.24,125.29,80.84,61.35,36.93,0.00,7.21,5.81,0.39,158.26
2463.22,2224.98,934.51,101.33,126.48,81.09,60.81,37.15,0.00,7.28,5.88,0.98,154.36
2478.13,2246.04,932.74,103.12,128.14,81.72,60.11,37.34,0.00,7.27,5.92,1.37,150.59
2493.04,2261.02,934.57,105.57,130.29,82.82,59.47,37.39,0.00,7.20,5.97,1.57,147.11
2507.96,2267.56,938.82,108.57,132.86,84.29,59.06,37.23,0.00,7.08,6.08,1.64,144.01
2522.87,2264.67,943.94,111.92,135.76,85.96,59.00,36.92,0.00,6.90,6.29,1.66,141.29
2537.78,2252.61,948.32,115.37,138.91,87.70,59.27,36.63,0.00,6.66,6.56,1.71,138.83
2552.69,2232.49,950.52,118.66,142.22,89.47,59.78,36.53,0.00,6.40,6.84,1.85,136.49
2567.60,2205.93,949.45,121.59,145.54,91.30,60.40,36.68,0.00,6.19,7.14,2.09,134.13
2582.51,2174.96,944.54,124.02,148.69,93.17,61.04,37.06,0.00,6.11,7.46,2.42,131.71
2597.42,2142.05,935.81,125.86,151.46,95.00,61.63,37.54,0.00,6.21,7.79,2.80,129.36
2612.33,2110.28,923.79,127.11,153.64,96.68,62.09,37.97,0.00,6.41,8.04,3.24,127.36
2627.24,2083.61,909.28,127.91,155.09,98.11,62.38,38.26,0.00,6.62,8.22,3.77,126.00
2642.15,2067.93,893.16,128.47,155.81,99.24,62.53,38.41,0.16,6.80,8.35,4.39,125.39
2657.06,2073.76,876.29,129.05,155.92,100.02,62.62,38.46,0.39,6.92,8.45,5.04,125.43
2671.97,2122.47,859.67,129.93,155.60,100.44,62.72,38.48,0.66,7.00,8.52,5.61,125.87
2686.88,2258.64,844.70,131.42,155.04,100.55,62.87,38.46,1.00,7.02,8.49,6.02,126.58
2701.79,2570.65,833.63,133.95,154.35,100.49,63.01,38.38,1.37,7.02,8.38,6.30,127.64
2716.70,3217.97,830.35,138.33,153.65,100.45,63.07,38.24,1.68,7.02,8.27,6.52,129.33
2731.61,4455.04,842.10,146.24,153.10,100.64,62.99,38.03,1.93,7.09,8.24,6.76,132.00
2746.52,6630.33,883.00,161.15,153.01,101.27,62.75,37.81,2.13,7.27,8.36,7.02,135.96
2761.43,10131.44,979.92,189.59,154.05,102.63,62.48,37.66,2.30,7.53,8.55,7.26,141.51
2776.34,15255.60,1180.59,242.96,157.58,105.33,62.33,37.69,2.40,7.80,8.70,7.48,149.27
2791.25,22023.90,1561.89,339.41,166.12,110.53,62.55,37.98,2.41,8.00,8.67,7.68,160.66
2806.16,30021.32,2234.03,504.86,184.27,120.54,63.54,38.65,2.39,8.09,8.45,7.88,178.36
2821.07,38386.32,3334.66,772.33,220.05,139.50,65.95,39.91,2.45,8.10,8.11,8.11,206.84
2835.99,46023.54,5008.01,1178.52,286.45,174.30,71.05,42.17,2.71,8.07,7.81,8.38,252.58
2850.90,51966.69,7367.86,1757.83,402.53,235.21,81.08,46.22,3.18,8.02,7.66,8.73,323.85
2865.81,55688.25,10450.75,2534.63,592.90,335.56,99.57,53.37,3.74,7.95,7.69,9.15,429.59
2880.72,57175.00,14172.83,3515.43,884.44,490.06,131.46,65.53,4.28,7.86,7.87,9.56,577.22
2895.63,56760.61,18308.04,4682.37,1300.04,711.41,182.79,85.18,4.75,7.77,8.11,9.86,769.76
2910.54,54868.85,22502.69,5989.46,1850.53,1006.02,259.92,115.08,5.19,7.77,8.38,9.98,1002.96
2925.45,51837.61,26330.05,7362.75,2527.16,1369.70,368.13,157.87,5.69,7.92,8.62,10.00,1263.50
2940.36,47886.36,29373.26,8705.54,3297.56,1785.20,509.79,215.28,6.27,8.23,8.78,10.03,1529.31
2955.27,43182.27,31311.95,9908.51,4107.14,2222.98,682.51,287.32,6.84,8.64,8.82,10.17,1772.94
2970.18,37924.68,31985.61,10863.75,4886.35,2645.38,878.08,371.70,7.26,9.07,8.76,10.38,1967.04
2985.09,32390.24,31414.80,11480.73,5562.41,3013.24,1082.61,463.61,7.44,9.45,8.66,10.59,2090.37
3000.00,26915.77,29776.61,11702.24,6072.46,3292.69,1278.39,556.17,7.43,9.75,8.55,10.78,2132.15
3001.00,21831.51,27346.75,11516.31,6374.43,3460.47,1446.94,641.48,7.41,9.97,8.43,11.00,2093.65
3023.70,17383.92,24431.80,10959.61,6452.65,3506.64,1572.51,712.05,7.55,10.14,8.28,11.32,1986.72
3046.41,13691.26,21313.90,10109.23,6317.54,3434.98,1645.07,762.12,7.94,10.31,8.10,11.72,1830.09
3069.11,10749.34,18219.29,9065.12,6000.32,3261.30,1661.64,788.59,8.50,10.47,7.93,12.07,1644.56
3091.82,8472.65,15309.02,7929.73,5545.22,3010.20,1626.09,791.11,9.01,10.56,7.88,12.24,1449.11
3114.52,6741.86,12683.39,6792.06,5001.16,2710.45,1547.38,771.75,9.27,10.48,7.97,12.15,1258.66
3137.23,5437.69,10392.41,5718.89,4414.90,2390.14,1437.23,734.34,9.23,10.22,8.21,11.83,1083.53
3159.93,4457.01,8447.96,4752.77,3826.22,2072.66,1307.76,683.79,9.01,9.85,8.54,11.42,929.89
3182.64,3716.68,6835.54,3914.29,3265.67,1774.71,1169.77,625.21,8.80,9.56,8.93,11.04,800.51
3205.34,3152.27,5524.16,3206.99,2754.08,1506.19,1031.83,563.28,8.70,9.44,9.39,10.78,695.35
3228.05,2715.38,4474.22,2623.11,2303.27,1271.47,900.18,501.68,8.69,9.51,9.86,10.63,612.35
3250.75,2370.74,3643.57,2148.85,1917.37,1070.96,778.95,442.95,8.65,9.64,10.27,10.54,548.19
3273.45,2093.28,2991.91,1768.21,1594.62,902.60,670.40,388.58,8.53,9.67,10.49,10.45,499.05
3296.16,1865.46,2483.48,1465.31,1329.28,763.03,575.20,339.26,8.28,9.47,10.51,10.32,461.25
3318.86,1675.27,2087.99,1225.58,1113.57,648.27,492.91,295.25,7.94,9.05,10.40,10.19,431.54
3341.57,1514.59,1780.42,1036.23,939.21,554.20,457.65,256.56,7.54,8.77,10.28,10.12,407.24
3364.27,1377.83,1540.39,886.41,798.48,476.90,422.40,222.98,7.15,8.49,10.19,10.16,386.22
3386.98,1260.94,1351.55,767.15,684.65,412.83,362.32,194.08,6.87,7.91,10.10,10.33,366.82
3409.68,1160.70,1201.15,671.32,592.09,358.96,311.22,169.31,6.75,7.43,9.96,10.56,347.85
3432.39,1074.50,1079.55,593.36,516.10,312.93,267.71,148.12,6.77,7.14,9.76,10.77,328.69
3455.09,1000.05,979.70,529.06,452.87,273.09,230.57,130.03,6.84,7.09,9.67,10.90,309.23
3477.80,935.44,896.50,475.32,399.31,238.35,198.76,114.68,6.89,7.21,9.58,10.90,289.78
3500.50,879.11,826.22,429.87,352.96,208.06,171.47,101.77,6.89,7.36,9.51,10.76,270.72
3523.20,829.96,766.11,390.92,311.85,181.72,148.03,90.97,6.84,7.42,9.54,10.49,252.27
3545.91,787.14,714.12,357.01,274.56,158.84,127.86,81.90,6.76,7.35,9.60,10.13,234.62
3568.61,749.86,668.82,326.95,240.26,138.93,110.47,74.14,6.68,7.21,9.62,9.75,218.02
3591.32,717.31,629.14,299.88,208.65,121.60,95.56,67.32,6.60,7.07,9.59,9.46,202.95
3614.02,688.65,594.26,275.27,179.80,106.67,82.97,61.17,6.52,6.97,9.54,9.34,190.02
3636.73,663.16,563.53,252.71,153.91,94.06,72.58,55.61,6.42,6.91,9.50,9.37,179.92
3659.43,640.23,536.46,231.75,131.08,83.64,64.17,50.64,6.29,6.85,9.48,9.50,173.53
3682.14,619.37,512.59,211.86,111.28,75.12,57.34,46.27,6.11,6.75,9.44,9.66,172.25
3704.84,600.18,491.53,192.64,94.32,68.11,51.65,42.49,5.92,6.57,9.31,9.80,178.52
3727.55,582.36,472.92,173.94,79.95,65.16,46.71,39.25,5.73,6.32,9.09,9.93,196.32
3750.25,565.67,456.49,155.93,67.92,62.21,42.29,36.57,5.61,6.04,8.84,10.06,231.47
3772.95,549.91,442.04,138.89,57.98,57.14,38.31,34.40,5.59,5.79,8.65,10.18,291.50
3795.66,534.89,429.38,123.08,49.86,52.66,34.74,32.70,5.69,5.65,8.56,10.26,384.74
3818.36,520.53,418.26,108.68,43.25,48.59,31.56,31.33,5.86,5.61,8.57,10.27,518.61
3841.07,506.86,408.41,95.67,37.86,44.84,28.78,30.14,6.00,5.63,8.58,10.26,697.04
3863.77,494.06,399.57,83.96,33.46,41.40,26.39,28.98,6.06,5.68,8.55,10.33,917.65
3886.48,482.37,391.49,73.37,29.90,38.36,24.36,27.71,6.01,5.76,8.43,10.54,1169.69
3909.18,471.94,383.97,63.81,27.05,35.82,22.71,27.00,5.91,5.91,8.25,10.67,1433.88
3931.89,462.81,376.90,55.24,24.73,33.75,21.41,26.30,5.78,6.15,8.05,10.80,1684.69
3954.59,454.77,370.27,47.66,22.70,31.99,20.45,24.83,5.67,6.44,7.85,10.94,1894.84
3977.30,447.51,364.15,41.04,20.77,30.40,19.75,23.45,5.56,6.68,7.63,10.81,2040.56
4000.00,440.70,358.62,35.23,18.82,28.90,19.16,22.32,5.47,6.77,7.39,10.44,2106.27
4001.00,434.10,353.79,30.07,16.86,27.55,18.54,21.47,5.38,6.64,7.17,9.94,2087.55
4029.16,427.62,349.62,25.37,14.98,26.47,17.81,20.87,5.29,6.35,7.04,9.46,1991.62
4057.31,421.33,345.98,20.99,13.33,25.65,17.03,20.48,5.24,6.01,7.04,9.09,1835.24
4085.46,415.31,342.59,16.82,12.00,25.04,16.34,20.27,5.30,5.74,7.15,8.86,1640.45
4113.62,409.61,339.22,12.84,11.04,24.55,15.83,20.19,5.48,5.60,7.31,8.79,1429.59
4141.77,404.27,335.80,9.16,10.39,24.16,15.47,20.15,5.71,5.56,7.43,8.86,1221.34
4169.93,399.32,332.42,5.93,9.93,23.93,15.13,20.05,5.89,5.57,7.41,9.01,1028.88
4198.08,394.79,329.18,3.25,9.53,23.89,14.69,19.83,5.95,5.56,7.25,9.21,859.87
4226.24,390.74,326.07,1.07,9.15,24.00,14.14,19.51,5.88,5.51,7.03,9.42,717.31
4254.39,387.24,322.98,0.00,8.82,24.15,13.55,19.16,5.68,5.44,6.86,9.66,600.58
4282.55,384.50,319.84,0.00,8.56,24.21,13.01,18.88,5.39,5.34,6.87,9.94,506.73
4310.70,382.83,316.73,0.00,8.41,24.11,12.65,18.70,5.09,5.23,7.07,10.24,431.79
4338.86,382.61,313.80,0.00,8.38,23.90,12.54,18.63,4.83,5.12,7.35,10.46,371.92
4367.01,384.14,311.09,0.00,8.48,23.70,12.73,18.59,4.69,4.96,7.58,10.53,323.97
4395.17,387.54,308.54,0.00,8.74,23.62,13.19,18.47,4.65,4.74,7.66,10.43,285.48
4423.32,392.78,306.07,0.00,9.18,23.75,13.78,18.24,4.71,4.50,7.63,10.23,254.44
4451.48,399.67,303.74,0.00,9.76,24.11,14.35,17.95,4.85,4.28,7.56,10.02,229.18
4479.63,407.94,301.77,0.00,10.51,24.67,14.76,17.74,4.99,4.12,7.48,9.86,208.35
4507.79,417.15,300.45,0.00,11.49,25.44,14.95,17.66,5.08,3.96,7.36,9.77,190.86
4535.94,426.66,300.09,0.00,12.77,26.40,14.95,17.67,5.02,3.71,7.18,9.76,175.89
4564.10,435.72,300.79,0.00,14.36,27.48,14.82,17.69,4.79,3.34,6.99,9.82,162.76
4592.25,443.53,302.45,0.00,16.16,28.52,14.66,17.63,4.47,2.90,6.90,9.85,151.01
4620.41,449.43,304.84,0.00,18.05,29.37,14.54,17.51,4.18,2.49,6.99,9.79,140.36
4648.56,452.94,307.63,0.00,19.94,29.97,14.53,17.32,3.98,2.17,7.27,9.61,130.72
4676.72,453.81,310.54,0.00,21.81,30.42,14.66,17.03,3.86,1.96,7.68,9.38,122.13
4704.87,452.05,313.20,0.00,23.69,30.85,14.95,16.64,3.72,1.82,8.08,9.22,114.64
4733.03,447.83,315.17,0.00,25.54,31.37,15.35,16.15,3.51,1.68,8.36,9.17,108.28
4761.18,441.44,316.02,0.00,27.32,31.98,15.78,15.65,3.23,1.50,8.44,9.21,103.02
4789.34,433.12,315.44,0.00,29.02,32.65,16.10,15.21,2.96,1.26,8.33,9.21,98.86
4817.49,423.17,313.40,0.00,30.67,33.31,16.20,14.88,2.86,0.99,8.09,9.10,95.78
4845.65,412.00,310.06,0.00,32.33,33.94,16.06,14.65,2.76,0.73,7.77,8.86,93.74
4873.80,400.19,305.69,0.00,33.97,34.45,15.77,14.50,2.66,0.50,7.44,8.58,92.61
4901.96,388.41,300.49,0.00,35.52,34.78,15.49,14.38,2.62,0.29,7.16,8.30,92.12
4930.11,377.21,294.51,0.00,36.88,34.87,15.37,14.20,2.58,0.09,6.97,8.02,91.99
4958.27,366.85,287.72,0.00,37.96,34.70,15.44,13.85,2.51,0.00,6.86,7.67,92.00
4986.42,357.35,280.21,0.00,38.70,34.32,15.62,13.33,2.42,0.00,6.73,7.25,92.14
5014.58,348.58,272.27,0.00,39.13,33.86,15.78,12.73,2.40,0.00,6.51,6.79,92.56
5042.73,340.43,264.30,0.00,39.33,33.42,15.82,12.17,2.47,0.00,6.15,6.39,93.42
5070.89,332.99,256.60,0.00,39.41,33.08,15.69,11.76,2.62,0.01,5.68,6.12,94.77
5099.04,326.50,249.35,0.00,39.44,32.83,15.35,11.51,2.73,0.24,5.15,5.99,96.52
5127.20,321.21,242.60,0.00,39.39,32.61,14.81,11.43,2.72,0.32,4.60,5.96,98.52
5155.35,317.19,236.34,0.00,39.20,32.38,14.08,11.47,2.56,0.10,4.06,5.92,100.67
5183.51,314.32,230.60,0.00,38.85,32.16,13.30,11.58,2.29,0.00,3.56,5.80,102.95
5211.66,312.33,225.35,0.00,38.35,31.96,12.59,11.68,2.02,0.00,3.15,5.56,105.42
5239.82,310.98,220.56,0.00,37.79,31.83,12.09,11.65,1.82,0.00,2.86,5.20,108.12
5267.97,310.18,216.23,0.00,37.21,31.71,11.83,11.40,1.67,0.00,2.69,4.74,111.11
5296.13,309.99,212.49,0.00,36.70,31.51,11.71,10.87,1.50,0.00,2.59,4.19,114.45
5324.28,310.53,209.47,0.00,36.34,31.17,11.63,10.18,1.25,0.00,2.51,3.58,118.16
5352.44,311.91,207.20,0.00,36.15,30.65,11.46,9.50,0.94,0.00,2.37,2.95,122.25
5380.59,314.16,205.52,0.00,36.04,30.03,11.13,8.97,0.63,0.00,2.15,2.38,126.74
5408.75,317.32,204.13,0.00,35.87,29.42,10.69,8.63,0.40,0.00,1.82,1.95,131.71
5436.90,321.41,202.82,0.00,35.58,28.94,10.16,8.44,0.22,0.00,1.45,1.66,137.41
5465.06,326.39,201.54,0.00,35.22,28.63,9.60,8.31,0.06,0.00,1.13,1.46,144.28
5493.21,332.11,200.46,0.00,34.95,28.47,8.99,8.14,0.00,0.00,0.96,1.28,152.93
5521.37,338.36,199.74,0.00,34.83,28.38,8.35,7.85,0.00,0.00,0.92,1.06,164.12
5549.52,344.88,199.55,0.00,34.88,28.29,7.72,7.42,0.00,0.00,0.95,0.80,178.97
5577.68,351.55,199.90,0.00,35.05,28.16,7.15,6.88,0.00,0.00,0.93,0.55,199.21
5605.83,358.29,200.69,0.00,35.29,27.93,6.65,6.35,0.00,0.00,0.88,0.28,227.35
5633.99,364.94,201.73,0.00,35.54,27.57,6.18,5.93,0.00,0.00,0.83,0.01,266.59
5662.14,371.10,202.82,0.00,35.77,27.10,5.68,5.62,0.00,0.00,0.69,0.00,320.23
5690.30,376.19,203.78,0.00,35.97,26.61,5.20,5.37,0.00,0.00,0.59,0.00,391.11
5718.45,379.63,204.49,0.00,36.18,26.25,4.85,5.12,0.00,0.00,0.55,0.00,480.88
5746.61,381.16,204.88,0.00,36.41,26.12,4.70,4.84,0.00,0.00,0.52,0.00,589.58
5774.76,380.75,204.92,0.00,36.63,26.24,4.75,4.60,0.00,0.00,0.43,0.00,715.29
5802.92,378.48,204.51,0.00,36.73,26.53,4.86,4.43,0.00,0.00,0.22,0.00,854.02
5831.07,374.34,203.47,0.00,36.66,26.90,4.86,4.32,0.00,0.00,0.00,0.00,999.82
5859.23,368.30,201.57,0.00,36.35,27.24,4.60,4.21,0.00,0.00,0.00,0.00,1145.06
5887.38,360.35,198.61,0.00,35.86,27.47,4.12,4.01,0.00,0.00,0.00,0.00,1281.06
5915.54,350.64,194.61,0.00,35.56,27.58,3.56,3.70,0.00,0.00,0.00,0.00,1399.21
5943.69,339.46,189.78,0.00,35.26,27.58,3.11,3.31,0.00,0.00,0.00,0.00,1492.25
5971.85,327.23,184.44,0.00,34.64,27.51,2.89,2.95,0.00,0.00,0.00,0.00,1555.21
6000.00,314.48,178.82,0.00,34.10,27.42,2.86,2.68,0.00,0.00,0.00,0.00,1585.99
6027.78,301.73,172.98,0.00,33.68,27.35,2.93,2.54,0.00,0.00,0.00,0.00,1585.16
6055.63,289.41,166.90,0.00,33.31,27.32,2.96,2.50,0.00,0.00,0.00,0.00,1555.43
6083.48,277.78,160.61,0.00,32.90,27.32,2.90,2.52,0.00,0.00,0.00,0.00,1501.00
6111.33,266.99,154.23,0.00,32.39,27.28,2.72,2.58,0.00,0.00,0.00,0.00,1426.89
6139.18,257.13,147.95,0.00,31.81,27.18,2.47,2.68,0.00,0.00,0.00,0.00,1338.47
6167.03,248.22,141.90,0.00,31.20,26.97,2.21,2.79,0.00,0.00,0.00,0.00,1241.03
6194.88,240.18,136.09,0.00,30.58,26.66,1.96,2.86,0.00,0.00,0.00,0.00,1139.28
6222.74,232.82,130.49,0.00,29.91,26.30,1.74,2.86,0.00,0.00,0.00,0.00,1036.98
6250.59,225.93,125.09,0.00,29.17,25.97,1.55,2.75,0.00,0.00,0.00,0.00,936.89
6278.44,219.40,119.92,0.00,28.43,25.67,1.41,2.53,0.00,0.00,0.00,0.00,840.94
6306.29,213.27,115.06,0.00,27.81,25.55,1.39,2.28,0.00,0.00,0.00,0.00,750.54
6334.14,207.69,110.62,0.00,27.43,25.42,1.50,2.09,0.00,0.00,0.00,0.00,666.61
6361.99,202.75,106.63,0.00,27.28,25.18,1.68,2.05,0.00,0.00,0.00,0.00,589.63
6389.84,198.40,103.02,0.00,27.28,24.94,1.79,2.18,0.00,0.00,0.00,0.00,519.71
6417.69,194.47,99.61,0.00,27.29,24.71,1.77,2.41,0.00,0.00,0.00,0.00,456.75
6445.54,190.81,96.25,0.00,27.23,24.49,1.64,2.61,0.00,0.00,0.00,0.00,400.53
6473.40,187.34,92.88,0.00,27.14,24.23,1.49,2.72,0.00,0.00,0.00,0.00,350.78
6501.25,184.11,89.61,0.00,27.08,23.86,1.41,2.70,0.00,0.00,0.00,0.00,307.11
6529.10,181.15,86.57,0.00,27.14,23.36,1.43,2.57,0.00,0.00,0.00,0.00,269.01
6556.95,178.49,83.80,0.00,27.32,22.71,1.49,2.38,0.00,0.00,0.00,0.00,235.86
6584.80,176.03,81.29,0.00,27.58,21.96,1.54,2.19,0.00,0.00,0.00,0.00,207.05
6612.65,173.73,79.01,0.00,27.88,21.22,1.60,2.09,0.00,0.00,0.00,0.00,181.98
6640.50,171.59,76.96,0.00,28.20,20.61,1.65,2.17,0.00,0.00,0.00,0.00,160.15
6668.35,169.63,75.14,0.00,28.50,20.22,1.70,2.39,0.00,0.00,0.00,0.00,141.12
6696.20,167.89,73.51,0.00,28.75,20.04,1.70,2.63,0.00,0.00,0.00,0.00,124.57
6724.05,166.27,71.98,0.00,28.93,19.97,1.64,2.72,0.00,0.00,0.00,0.00,110.29
6751.91,164.68,70.45,0.00,29.06,19.93,1.53,2.63,0.00,0.00,0.00,0.00,98.16
6779.76,163.06,68.85,0.00,29.19,19.82,1.43,2.40,0.00,0.00,0.00,0.00,88.02
6807.61,161.41,67.16,0.00,29.36,19.58,1.38,2.16,0.00,0.00,0.00,0.00,79.64
6835.46,159.72,65.42,0.00,29.53,19.22,1.38,1.96,0.00,0.00,0.00,0.00,72.72
6863.31,157.98,63.70,0.00,29.62,18.85,1.38,1.82,0.00,0.00,0.00,0.00,66.96
6891.16,156.22,62.03,0.00,29.60,18.61,1.31,1.75,0.00,0.00,0.00,0.00,62.13
6919.01,154.59,60.48,0.00,29.48,18.57,1.12,1.80,0.00,0.00,0.00,0.00,58.06
6946.86,153.21,59.08,0.00,29.33,18.66,0.88,1.96,0.00,0.00,0.00,0.00,54.64
6974.71,152.15,57.80,0.00,29.21,18.72,0.70,2.24,0.00,0.00,0.00,0.00,51.77
7002.57,151.34,56.59,0.00,29.13,18.61,0.70,2.58,0.00,0.00,0.00,0.00,49.39
7030.42,150.67,55.36,0.00,29.05,18.26,0.90,2.93,0.00,0.00,0.00,0.00,47.46
7058.27,150.04,54.10,0.00,28.90,17.74,1.21,3.20,0.00,0.00,0.00,0.00,45.95
7086.12,149.39,52.78,0.00,28.68,17.13,1.48,3.32,0.00,0.00,0.00,0.00,44.84
7113.97,148.66,51.40,0.00,28.44,16.56,1.52,3.23,0.00,0.00,0.00,0.00,44.09
7141.82,147.84,49.96,0.00,28.22,16.09,1.25,2.93,0.00,0.00,0.00,0.00,43.63
7169.67,146.91,48.52,0.00,28.04,15.79,0.72,2.52,0.00,0.00,0.00,0.00,43.34
7197.52,145.95,47.13,0.00,27.87,15.68,0.14,2.07,0.00,0.00,0.00,0.00,43.08
7225.37,145.00,45.83,0.00,27.71,15.71,0.00,1.68,0.00,0.00,0.00,0.00,42.74
7253.23,144.04,44.53,0.00,27.56,15.74,0.00,1.39,0.00,0.00,0.00,0.00,42.36
7281.08,143.01,43.14,0.00,27.46,15.65,0.00,1.26,0.00,0.00,0.00,0.00,42.05
7308.93,141.89,41.61,0.00,27.44,15.36,0.00,1.29,0.00,0.00,0.00,0.00,41.93
7336.78,140.74,40.02,0.00,27.50,14.92,0.33,1.42,0.00,0.00,0.00,0.00,42.00
7364.63,139.68,38.51,0.00,27.59,14.41,0.70,1.54,0.00,0.00,0.00,0.00,42.17
7392.48,138.76,37.21,0.00,27.60,13.92,0.96,1.58,0.00,0.00,0.00,0.00,42.33
7420.33,137.87,36.21,0.00,27.42,13.48,1.07,1.55,0.00,0.00,0.00,0.00,42.37
7448.18,136.86,35.48,0.00,27.02,13.04,1.08,1.50,0.00,-1.70,0.00,0.00,42.25
7476.03,135.66,34.89,0.00,26.45,12.58,1.09,1.51,0.00,0.00,0.00,0.00,41.89
7503.88,134.34,34.19,0.00,25.84,12.10,1.08,1.56,0.00,0.00,0.00,0.00,41.27
7531.74,133.07,33.20,0.00,25.30,11.64,1.11,1.64,0.00,0.00,0.00,0.00,40.48
7559.59,131.97,31.94,0.00,24.86,11.25,1.18,1.73,0.00,0.00,0.00,0.00,39.70
7587.44,131.08,30.62,0.00,24.51,10.94,1.26,1.82,0.00,0.00,0.00,0.00,39.16
7615.29,130.37,29.48,0.00,24.19,10.68,1.32,1.91,0.00,0.00,0.00,0.00,38.97
7643.14,129.76,28.59,0.00,23.91,10.48,1.33,1.94,0.00,0.00,0.00,0.00,39.09
7670.99,129.09,27.85,0.00,23.68,10.34,1.33,1.90,0.00,0.00,0.00,0.00,39.36
7698.84,128.15,27.06,0.00,23.53,10.25,1.37,1.83,0.00,0.00,0.00,0.00,39.52
7726.69,126.87,26.06,0.00,23.51,10.12,1.53,1.82,0.00,0.00,0.00,0.00,39.44
7754.54,125.34,24.81,0.00,23.64,9.87,1.79,1.87,0.00,0.00,0.00,0.00,39.15
7782.40,123.74,23.38,0.00,23.81,9.47,2.07,1.98,0.00,0.00,0.00,0.22,38.81
7810.25,122.20,21.93,0.00,23.88,8.98,2.22,2.11,0.00,0.00,0.00,0.50,38.58
7838.10,120.74,20.58,0.00,23.74,8.56,2.17,2.23,0.00,0.00,0.00,0.61,38.56
7865.95,119.27,19.38,0.00,23.36,8.27,1.96,2.31,0.00,0.00,0.00,0.54,38.74
7893.80,117.73,18.26,0.00,22.81,8.14,1.66,2.29,0.00,0.00,-0.88,0.32,39.02
7921.65,116.06,17.12,0.00,22.19,8.09,1.35,2.14,0.00,0.00,0.00,0.00,39.23
7949.50,114.24,15.96,0.00,21.61,8.03,1.04,1.88,0.00,0.00,0.00,0.00,39.25
7977.35,112.29,14.82,0.00,21.14,7.94,0.76,1.61,0.00,0.00,0.00,0.00,39.05
8005.20,110.29,13.75,0.00,20.79,7.81,0.53,1.42,0.00,0.00,0.00,0.00,38.68
8033.05,108.39,12.73,0.00,20.51,7.66,0.37,1.32,0.00,0.00,0.00,0.00,38.24
8060.91,106.73,11.63,0.00,20.28,7.48,0.25,1.27,0.00,0.00,0.00,0.00,37.80
8088.76,105.43,10.37,0.00,20.08,7.27,0.11,1.20,0.00,0.00,0.00,0.00,37.40
8116.61,104.45,8.97,0.00,19.96,6.99,0.00,1.11,0.00,0.00,0.00,0.00,37.04
8144.46,103.65,7.56,0.00,19.92,6.67,0.00,1.06,0.00,0.00,0.00,0.00,36.70
8172.31,102.81,6.29,0.00,19.87,6.37,0.00,1.13,0.00,0.00,0.00,0.00,36.34
8200.16,101.73,5.23,0.00,19.71,6.13,0.00,1.34,0.00,0.00,0.00,0.00,35.95
8228.01,100.35,4.34,0.00,19.40,5.96,0.00,1.58,0.00,0.00,0.00,0.00,35.57
8255.86,98.73,3.52,0.00,18.99,5.86,0.06,1.70,0.00,0.00,0.00,0.00,35.29
8283.71,97.05,2.67,0.00,18.59,5.83,0.23,1.60,0.00,0.00,0.00,0.00,35.18
8311.57,95.47,1.76,0.00,18.28,5.90,0.43,1.37,0.00,0.00,0.00,0.00,35.24
8339.42,94.05,0.77,0.00,18.06,6.03,0.67,1.20,0.00,0.00,0.00,0.00,35.37
8367.27,92.75,0.00,0.00,17.90,6.10,0.96,1.21,0.00,0.00,0.00,0.00,35.44
8395.12,91.57,0.00,0.00,17.72,6.02,1.26,1.39,0.00,0.00,0.00,0.00,35.35
8422.97,90.53,0.00,0.00,17.44,5.76,1.45,1.56,0.00,0.00,0.00,0.00,35.08
8450.82,89.65,0.00,0.00,17.02,5.43,1.43,1.53,0.00,0.00,0.17,0.00,34.72
8478.67,88.92,0.00,0.00,16.50,5.19,1.18,1.26,0.00,0.00,0.41,0.00,34.36
8506.52,88.26,0.00,0.00,15.95,5.12,0.76,0.83,0.00,0.00,0.58,0.00,34.12
8534.37,87.56,0.00,0.00,15.47,5.21,0.27,0.34,0.00,0.00,0.65,0.00,34.02
8562.23,86.76,0.00,0.00,15.12,5.41,0.00,0.00,0.00,0.00,0.62,0.00,33.97
8590.08,85.84,0.00,0.00,14.91,5.66,0.00,0.00,0.00,0.00,0.56,0.00,33.80
8617.93,84.85,0.00,0.00,14.84,5.90,0.00,0.00,0.00,0.00,0.47,0.00,33.40
8645.78,83.88,0.00,0.00,14.89,6.08,0.00,0.00,-1.55,0.00,0.39,0.00,32.78
8673.63,82.95,0.00,0.00,14.97,6.17,0.00,0.00,0.00,0.00,0.29,0.00,32.04
8701.48,82.10,0.00,0.00,14.99,6.13,0.00,0.00,0.00,0.00,0.21,0.00,31.30
8729.33,81.31,0.00,0.00,14.86,5.98,0.00,0.29,0.00,0.00,0.19,0.00,30.62
8757.18,80.58,0.00,0.00,14.55,5.74,0.00,0.57,0.00,0.00,0.24,0.00,29.98
8785.03,79.85,0.00,0.00,14.13,5.47,0.00,0.75,0.00,0.00,0.35,0.00,29.39
8812.88,79.04,0.00,0.00,13.74,5.22,0.00,0.87,0.00,0.00,0.49,0.00,28.96
8840.74,78.10,0.00,0.00,13.49,5.04,0.00,1.00,0.00,0.00,0.65,0.00,28.81
8868.59,77.08,0.00,0.00,13.40,4.97,0.00,1.12,0.00,0.00,0.81,0.00,28.97
8896.44,76.03,0.00,0.00,13.37,4.97,0.00,1.19,0.00,0.00,0.96,0.00,29.25
8924.29,75.03,0.00,0.00,13.31,4.98,0.00,1.16,0.00,0.00,1.05,0.03,29.40
8952.14,74.08,0.00,0.00,13.16,4.99,0.01,1.06,0.00,0.00,1.03,0.01,29.23
8979.99,73.13,0.00,0.00,12.95,4.98,0.29,0.92,0.00,0.00,0.87,0.00,28.72
9007.84,72.12,0.00,0.00,12.75,4.97,0.53,0.80,0.00,0.00,0.62,0.00,27.95
9035.69,71.01,0.00,0.00,12.60,5.01,0.67,0.68,0.00,0.00,0.36,0.00,27.03
9063.54,69.84,0.00,0.00,12.45,5.17,0.70,0.56,0.00,0.00,0.15,0.07,26.09
9091.40,68.75,0.00,0.00,12.21,5.44,0.64,0.46,0.00,0.00,0.03,0.10,25.26
9119.25,67.90,0.00,0.86,11.87,5.80,0.51,0.43,0.00,0.00,0.00,0.04,24.63
9147.10,67.37,0.00,1.75,11.53,6.17,0.33,0.51,0.00,0.00,0.04,0.00,24.22
9174.95,67.04,0.00,2.53,11.33,6.45,0.07,0.68,0.00,0.00,0.15,0.00,23.97
9202.80,66.68,0.00,3.13,11.31,6.51,0.00,0.84,0.00,0.00,0.29,0.00,23.74
9230.65,66.09,0.00,3.51,11.39,6.30,0.00,0.92,0.00,0.00,0.41,0.00,23.45
9258.50,65.24,0.00,3.69,11.47,5.84,0.00,0.86,0.00,0.00,0.46,0.00,23.14
9286.35,64.32,0.00,3.75,11.49,5.27,0.00,0.68,0.00,0.00,0.42,0.00,22.90
9314.20,63.56,0.00,3.79,11.49,4.78,0.00,0.43,0.00,0.00,0.34,0.00,22.85
9342.05,63.06,0.00,3.89,11.46,4.50,0.00,0.22,0.14,0.00,0.25,0.00,22.99
9369.91,62.78,0.00,4.04,11.37,4.45,0.00,0.11,0.19,0.00,0.19,0.00,23.25
9397.76,62.53,0.00,4.17,11.16,4.56,0.00,0.05,0.04,0.00,0.14,0.00,23.49
9425.61,62.12,0.00,4.19,10.84,4.69,0.00,0.00,0.00,0.00,0.12,0.00,23.66
9453.46,61.47,0.00,4.08,10.47,4.73,0.00,0.00,0.00,0.00,0.12,0.00,23.81
9481.31,60.64,0.00,3.91,10.13,4.65,0.00,0.00,0.00,0.00,0.12,0.00,24.09
9509.16,59.78,0.00,3.78,9.85,4.45,0.00,0.00,0.00,0.00,0.09,0.00,24.60
9537.01,59.04,0.00,3.79,9.64,4.18,0.00,0.00,0.00,0.00,0.00,0.00,25.30
9564.86,58.45,0.00,3.94,9.51,3.86,0.00,0.00,0.00,0.00,0.00,0.00,26.02
9592.71,57.87,0.00,4.16,9.45,3.56,0.00,-0.95,0.00,0.00,0.00,-0.12,26.60
9620.57,57.17,0.00,4.40,9.41,3.32,0.00,0.00,0.00,0.00,0.00,0.00,27.02
9648.42,56.33,0.00,4.61,9.36,3.19,0.00,0.00,0.00,0.00,0.08,0.10,27.42
9676.27,55.47,0.00,4.81,9.26,3.14,0.00,0.00,0.00,0.00,0.28,0.12,27.96
9704.12,54.78,0.00,4.98,9.15,3.08,0.00,0.27,0.00,0.00,0.49,0.00,28.66
9731.97,54.35,0.00,5.07,9.07,2.96,0.02,0.63,0.00,0.00,0.63,0.00,29.44
9759.82,54.14,0.00,5.06,9.04,2.78,0.03,0.89,0.00,0.00,0.63,0.00,30.18
9787.67,54.01,0.00,5.00,9.03,2.61,0.00,1.07,0.00,0.00,0.46,0.00,30.81
9815.52,53.78,0.00,5.01,8.97,2.53,0.00,1.15,0.00,0.00,0.17,0.00,31.31
9843.37,53.34,0.00,5.18,8.88,2.55,0.00,1.11,0.00,0.00,0.00,0.00,31.66
9871.23,52.64,0.00,5.48,8.80,2.63,0.00,0.95,0.00,0.00,0.00,0.00,31.83
9899.08,51.74,0.00,5.84,8.78,2.72,0.00,0.72,0.00,0.00,0.00,0.00,31.80
9926.93,50.80,0.00,6.20,8.82,2.77,0.00,0.52,0.00,0.00,0.00,0.00,31.55
9954.78,50.03,0.00,6.51,8.85,2.79,0.00,0.46,0.00,0.00,0.16,0.00,31.11
9982.63,49.61,0.00,6.75,8.82,2.84,0.00,0.62,0.00,0.00,0.32,0.00,30.49
10010.48,49.56,0.00,6.87,8.69,2.90,0.00,0.96,0.00,0.00,0.36,0.00,29.67
10038.33,49.72,0.00,6.85,8.50,2.95,0.00,1.37,0.00,0.00,0.30,0.00,28.62
10066.18,49.87,0.00,6.74,8.35,2.96,0.00,1.72,0.00,0.00,0.23,0.00,27.37
10094.03,49.81,0.00,6.59,8.37,2.95,0.00,1.92,0.00,0.00,0.19,0.20,25.96
10121.88,49.51,0.00,6.50,8.61,2.95,0.00,1.90,0.00,0.00,0.19,0.42,24.46
10149.74,49.06,0.00,6.49,8.96,2.96,0.00,1.66,0.00,0.00,0.20,0.51,22.92
10177.59,48.55,0.00,6.54,9.21,2.96,0.00,1.22,0.00,0.00,0.21,0.54,21.46
10205.44,47.99,0.00,6.58,9.22,2.90,0.00,0.67,0.00,0.00,0.27,0.61,20.17
10233.29,47.36,0.00,6.61,8.97,2.80,0.00,0.12,0.00,0.00,0.35,0.76,19.15
10261.14,46.66,0.00,6.69,8.60,2.74,0.00,0.00,0.00,0.00,0.46,0.94,18.43
10288.99,45.91,0.00,6.86,8.25,2.82,0.14,0.00,0.00,0.00,0.59,1.03,17.96
10316.84,45.11,0.00,7.04,8.03,3.02,0.18,0.00,0.00,0.00,0.68,0.91,17.65
10344.69,44.27,0.00,7.13,7.92,3.27,0.12,0.00,0.00,0.00,0.68,0.60,17.40
10372.54,43.40,0.00,7.07,7.83,3.47,0.08,0.00,0.00,0.00,0.57,0.21,17.10
10400.40,42.62,0.00,7.00,7.70,3.57,0.15,0.00,0.08,0.00,0.36,0.00,16.72
10428.25,42.09,0.00,7.09,7.52,3.60,0.35,0.00,0.40,0.00,0.15,0.00,16.25
10456.10,41.88,0.00,7.45,7.30,3.59,0.61,0.14,0.64,0.00,0.03,0.00,15.75
10483.95,41.89,0.00,8.00,7.07,3.59,0.86,0.24,0.75,0.00,0.03,0.14,15.22
10511.80,41.93,0.00,8.56,6.84,3.61,1.05,0.30,0.72,0.00,0.10,0.46,14.64
10539.65,41.82,0.00,9.00,6.67,3.66,1.13,0.36,0.59,0.00,0.20,0.70,13.99
10567.50,41.58,0.00,9.27,6.59,3.74,1.08,0.45,0.41,0.00,0.32,0.73,13.27
10595.35,41.32,0.00,9.40,6.61,3.84,0.93,0.59,0.25,0.00,0.49,0.50,12.49
10623.20,41.12,0.00,9.42,6.67,3.96,0.75,0.76,0.20,0.00,0.72,0.09,11.70
10651.06,40.94,0.00,9.39,6.72,4.06,0.69,0.97,0.30,0.00,0.96,0.00,11.00
10678.91,40.69,0.00,9.34,6.76,4.09,0.83,1.14,0.56,0.00,1.11,0.00,10.45
10706.76,40.27,0.00,9.29,6.82,4.01,1.13,1.22,0.91,0.00,1.08,0.00,10.11
10734.61,39.60,0.00,9.23,6.89,3.83,1.40,1.18,1.23,0.00,0.85,0.00,9.97
10762.46,38.73,0.00,9.16,6.93,3.59,1.48,1.04,1.47,0.00,0.51,0.00,9.90
10790.31,37.72,0.00,9.08,6.87,3.36,1.25,0.91,1.64,0.00,0.20,0.00,9.76
10818.16,36.71,0.00,9.01,6.79,3.17,0.76,0.83,1.79,0.00,0.04,0.00,9.43
10846.01,35.86,0.00,8.97,6.71,3.07,0.16,0.81,1.91,0.00,0.07,0.00,8.97
10873.86,35.26,0.00,9.01,6.51,3.12,0.00,0.76,1.95,0.00,0.20,0.00,8.52
10901.71,34.92,0.00,9.15,6.32,3.32,0.00,0.65,1.84,0.00,0.34,0.00,8.30
10929.57,34.75,0.00,9.38,6.17,3.58,0.00,0.47,1.57,0.00,0.41,0.00,8.44
10957.42,34.62,0.00,9.64,6.05,3.79,0.00,0.32,1.19,0.15,0.43,0.00,8.90
10985.27,34.40,0.00,9.83,5.96,3.86,0.00,0.25,0.80,0.37,0.48,0.00,9.49
11013.12,34.03,0.00,9.81,5.93,3.84,0.26,0.27,0.44,0.47,0.64,0.00,9.99
11040.97,33.53,0.00,9.55,5.97,3.77,0.74,0.31,0.14,0.41,0.89,0.00,10.20
11068.82,33.03,0.00,9.07,6.11,3.71,1.02,0.27,0.00,0.22,1.17,0.00,10.10
11096.67,32.68,0.00,8.46,6.30,3.62,0.99,0.10,0.00,0.00,1.33,0.00,9.80
11124.52,32.51,0.00,7.84,6.44,3.49,0.69,0.00,0.00,0.00,1.28,0.00,9.49
11152.37,32.43,0.00,7.35,6.46,3.31,0.27,0.00,0.00,0.00,1.08,0.00,9.31
11180.23,32.30,0.00,7.06,6.28,3.14,0.00,0.00,0.00,0.00,0.84,0.00,9.29
11208.08,31.95,0.00,7.04,5.93,3.02,0.00,0.00,0.00,0.00,0.63,0.00,9.36
11235.93,31.32,0.00,7.27,5.50,2.96,0.00,0.00,0.00,0.00,0.47,0.00,9.36
11263.78,30.38,0.00,7.64,5.16,2.92,0.03,0.00,0.00,0.00,0.35,0.00,9.24
11291.63,29.24,0.00,8.02,5.06,2.82,0.34,0.00,0.00,0.00,0.26,0.00,8.99
11319.48,28.07,0.00,8.26,5.24,2.65,0.76,0.00,0.00,0.00,0.26,0.00,8.70
11347.33,27.05,0.00,8.29,5.57,2.47,1.25,0.02,0.00,0.00,0.39,0.10,8.42
11375.18,26.30,0.00,8.10,5.84,2.38,1.66,0.18,0.02,0.00,0.62,0.33,8.16
11403.03,25.84,0.00,7.77,5.88,2.45,1.82,0.25,0.08,0.00,0.83,0.45,7.89
11430.89,25.62,0.00,7.43,5.65,2.68,1.66,0.22,0.14,0.00,0.94,0.51,7.61
11458.74,25.58,0.00,7.18,5.20,2.97,1.30,0.13,0.23,0.00,0.92,0.59,7.34
11486.59,25.62,0.00,7.03,4.65,3.24,0.96,0.12,0.38,0.00,0.82,0.69,7.09
11514.44,25.64,0.00,6.98,4.14,3.42,0.78,0.30,0.57,0.00,0.67,0.75,6.86
11542.29,25.54,0.00,7.02,3.75,3.52,0.74,0.66,0.76,0.00,0.56,0.69,6.58
11570.14,25.31,0.00,7.11,3.52,3.52,0.72,1.05,0.86,0.00,0.55,0.48,6.15
11597.99,24.93,0.00,7.22,3.43,3.53,0.63,1.18,0.88,0.00,0.72,0.22,5.51
11625.84,24.45,0.00,7.27,3.41,3.50,0.44,0.88,0.85,0.00,1.05,0.01,4.73
11653.69,23.89,0.00,7.20,3.42,3.44,0.21,0.19,0.82,0.00,1.47,0.00,3.93
11681.54,23.31,0.00,7.00,3.40,3.41,0.01,0.00,0.81,0.00,1.83,0.00,3.27
11709.40,22.74,0.00,6.74,3.34,3.47,0.00,0.00,0.77,0.00,2.01,0.00,2.85
11737.25,22.15,0.00,6.51,3.21,3.65,-0.24,0.00,0.68,-0.61,1.94,0.00,2.73
11765.10,21.51,0.00,6.35,3.05,3.86,0.00,0.00,0.54,0.00,1.66,0.00,2.82
11792.95,20.83,0.00,6.23,2.90,3.97,0.00,0.00,0.43,0.00,1.28,0.00,3.00
11820.80,20.18,0.00,6.09,2.85,3.88,0.00,0.00,0.38,0.00,0.93,0.00,3.11
11848.65,19.68,0.00,5.93,2.92,3.58,0.00,0.00,0.36,0.00,0.72,0.06,3.05
11876.50,19.36,0.00,5.82,3.09,3.21,0.00,0.00,0.25,0.00,0.64,0.42,2.83
11904.35,19.16,0.00,5.81,3.32,2.91,0.00,0.00,0.00,0.00,0.63,0.74,2.52
11932.21,18.97,0.00,5.93,3.48,2.76,0.00,0.00,0.00,0.00,0.57,0.91,2.26
11960.06,18.73,0.00,6.10,3.50,2.68,0.00,0.00,0.00,0.00,0.41,0.92,2.14
11987.91,18.45,0.00,6.21,3.32,2.55,0.00,0.00,0.00,0.00,0.20,0.86,2.17
12015.76,18.18,0.00,6.21,3.01,2.30,0.00,0.00,0.00,0.00,0.01,0.83,2.30
12043.61,17.98,0.00,6.15,2.73,1.98,0.00,0.00,0.00,0.00,0.00,0.87,2.40
12071.46,17.85,0.00,6.08,2.59,1.70,0.46,0.15,0.00,0.00,0.10,0.90,2.38
12099.31,17.73,0.00,5.99,2.62,1.50,0.72,0.20,0.00,0.00,0.38,0.84,2.19
12127.16,17.55,0.00,5.81,2.75,1.38,0.73,0.14,0.05,0.00,0.67,0.67,1.89
12155.01,17.26,0.00,5.46,2.90,1.32,0.53,0.03,0.30,0.00,0.86,0.48,1.53
12182.86,16.84,0.00,4.93,2.99,1.33,0.18,0.00,0.57,0.00,0.86,0.36,1.22
12210.72,16.33,0.00,4.30,3.02,1.41,0.00,0.00,0.78,0.00,0.66,0.36,0.99
12238.57,15.76,0.00,3.70,2.98,1.57,0.00,0.00,0.88,0.00,0.32,0.41,0.88
12266.42,15.17,0.00,3.25,2.92,1.78,0.00,0.00,0.84,0.00,0.00,0.40,0.85
12294.27,14.58,0.00,3.02,2.87,2.02,0.00,0.08,0.71,0.17,0.00,0.25,0.87
12322.12,14.05,0.00,2.96,2.86,2.29,0.00,0.10,0.55,0.45,0.00,0.00,0.94
12349.97,13.60,0.00,3.02,2.89,2.58,0.00,0.00,0.41,0.61,0.00,0.00,1.06
12377.82,13.20,0.00,3.18,2.94,2.88,0.00,0.00,0.29,0.65,0.03,0.00,1.25
12405.67,12.82,0.00,3.49,3.00,3.09,0.00,0.00,0.21,0.61,0.19,0.00,1.48
12433.52,12.41,0.00,3.94,3.08,3.10,0.00,0.00,0.19,0.48,0.29,0.00,1.65
12461.37,11.97,0.00,4.45,3.15,2.86,0.00,0.00,0.17,0.23,0.39,0.00,1.60
12489.23,11.52,0.00,4.84,3.19,2.45,0.23,0.00,0.20,0.00,0.68,0.00,1.31
12517.08,11.07,0.00,4.99,3.13,2.04,0.22,0.00,0.26,0.00,1.02,0.00,0.85
12544.93,10.64,0.00,4.87,3.00,1.73,0.00,0.00,0.36,0.00,1.32,0.01,0.38
12572.78,10.18,0.00,4.51,2.88,1.56,0.00,0.00,0.47,0.00,1.48,0.20,0.00
12600.63,9.69,0.00,3.99,2.88,1.48,0.00,0.00,0.62,0.00,1.46,0.53,0.00
12628.48,9.16,0.00,3.39,3.00,1.52,0.00,0.00,0.78,0.00,1.31,0.91,0.00
12656.33,8.64,0.00,2.83,3.18,1.73,0.00,0.00,0.89,0.00,1.16,1.23,0.00
12684.18,8.19,0.00,2.39,3.31,2.11,0.00,0.00,0.89,0.00,1.10,1.38,0.00
12712.03,7.89,0.00,2.09,3.35,2.58,0.00,0.00,0.74,0.00,1.17,1.33,0.06
12739.89,7.75,0.00,1.85,3.32,2.98,0.00,0.00,0.54,0.00,1.33,1.11,0.57
12767.74,7.74,0.00,1.56,3.28,3.15,0.00,0.00,0.40,0.00,1.55,0.77,1.12
12795.59,7.73,0.00,1.18,3.19,3.04,0.00,0.00,0.43,0.00,1.80,0.42,1.59
12823.44,7.63,0.00,0.76,3.04,2.66,0.00,0.00,0.60,0.00,2.01,0.19,1.93
12851.29,7.38,0.00,0.41,2.85,2.08,0.00,0.00,0.78,0.00,2.09,0.19,2.11
12879.14,7.01,0.00,0.22,2.69,1.42,0.00,0.00,0.83,0.00,1.99,0.41,2.11
12906.99,6.53,0.00,0.21,2.58,0.89,0.00,0.00,0.68,0.00,1.76,0.73,1.95
12934.84,6.01,0.00,0.34,2.49,0.63,0.00,0.00,0.42,0.00,1.52,1.03,1.72
12962.69,5.47,0.00,0.50,2.35,0.65,0.00,0.04,0.18,0.00,1.40,1.33,1.54
12990.54,4.94,0.00,0.58,2.17,0.86,0.00,0.03,0.04,0.00,1.40,1.65,1.46
13018.40,4.42,0.00,0.52,1.99,1.09,0.00,0.00,0.00,0.00,1.44,2.00,1.40
13046.25,3.87,0.00,0.32,1.85,1.28,0.00,0.00,0.01,0.00,1.42,2.30,1.28
13074.10,3.30,0.00,0.10,1.74,1.44,0.00,0.00,0.01,0.00,1.29,2.43,1.07
13101.95,2.75,0.00,0.00,1.61,1.64,0.13,0.00,0.03,0.00,1.02,2.37,0.80
13129.80,2.30,0.00,0.00,1.45,1.90,0.35,0.00,0.04,0.00,0.68,2.18,0.53
13157.65,2.01,0.00,0.00,1.32,2.15,0.46,0.15,0.03,0.00,0.32,1.93,0.30
13185.50,1.80,0.00,0.00,1.27,2.28,0.37,0.22,0.00,0.00,0.03,1.68,0.13
13213.35,1.54,0.00,1.25,1.30,2.24,0.08,0.17,0.00,0.00,0.00,1.45,0.04
13241.21,1.14,0.00,1.27,1.39,2.08,0.00,0.01,0.00,0.15,0.00,1.23,0.00
13269.06,0.61,27.27,1.21,1.50,1.98,0.00,0.00,0.00,0.29,0.18,1.02,3.31
13296.91,0.00,28.13,1.10,1.62,2.08,0.00,0.00,0.00,0.40,0.40,0.83,3.38
13324.76,0.00,28.66,0.96,1.79,2.39,0.00,0.00,0.00,0.50,0.53,0.68,3.37
13352.61,0.00,28.89,0.86,1.98,2.76,0.00,0.00,0.00,0.51,0.49,0.55,3.30
13380.46,0.00,28.87,0.77,2.10,3.01,0.00,0.00,0.00,0.38,0.28,0.41,3.25
13408.31,0.00,28.65,0.67,2.05,3.05,0.00,0.00,0.00,0.10,0.00,0.25,3.29
13436.16,0.00,28.34,0.57,1.78,2.93,0.00,0.00,0.00,0.00,0.00,0.05,3.39
13464.01,0.00,28.03,0.53,1.35,2.79,0.00,0.06,0.04,0.00,0.00,0.00,3.47
13491.86,0.00,27.77,0.61,0.88,2.68,0.00,0.22,0.14,0.00,0.00,0.00,3.39
13519.72,0.00,27.58,0.82,0.46,2.60,0.00,0.17,0.11,0.00,0.00,0.00,3.14
13547.57,0.00,27.43,1.07,0.17,2.48,0.00,0.00,0.00,0.00,0.00,0.00,2.84
13575.42,0.00,27.30,1.17,0.02,2.29,0.00,1.54,0.00,0.00,0.12,0.86,2.64
13603.27,0.00,27.15,1.02,0.00,2.00,0.06,1.30,0.00,0.00,0.45,1.02,2.58
13631.12,0.00,26.89,0.67,0.57,1.63,0.13,1.08,0.00,0.01,0.79,1.15,2.55
13658.97,0.00,26.42,0.28,0.76,1.21,0.00,0.94,0.00,0.00,1.08,1.25,2.45
13686.82,0.00,25.73,0.03,0.81,0.77,1.63,0.91,0.00,1.77,1.32,1.27,2.29
13714.67,0.00,24.91,0.00,0.66,0.38,1.35,0.95,0.00,1.39,1.48,1.19,2.17
13742.52,0.00,24.14,0.11,0.37,0.06,1.07,1.00,0.91,0.94,1.52,1.05,2.22
13770.37,0.00,23.55,0.29,0.11,0.00,0.80,1.07,0.96,0.55,1.39,0.92,2.43
13798.23,0.00,23.11,0.47,0.00,0.00,0.53,1.16,0.93,0.31,1.06,0.84,2.69
13826.08,0.00,22.73,0.60,0.00,0.00,0.30,1.25,0.81,0.28,0.59,0.79,2.87
13853.93,0.00,22.30,0.71,0.01,0.00,0.12,1.32,0.67,0.44,0.10,0.74,2.85
13881.78,0.00,21.82,0.83,0.00,0.00,0.01,1.37,0.58,0.67,0.00,0.68,2.65
13909.63,0.00,21.38,1.00,0.00,0.00,0.00,1.41,0.58,0.84,0.00,0.61,2.36
13937.48,0.00,21.11,1.24,0.12,0.41,0.13,1.50,0.66,0.93,0.00,0.55,2.06
13965.33,0.00,21.08,1.47,0.33,0.53,0.37,1.66,0.80,0.95,0.00,0.48,1.82
13993.18,0.00,21.25,1.63,0.57,0.72,0.64,1.87,0.97,0.98,0.00,0.42,1.62
14021.04,0.00,21.48,1.67,0.80,0.91,0.86,2.04,1.18,0.97,0.00,0.35,1.39
14048.89,0.00,21.66,1.61,1.04,1.05,0.97,2.13,1.38,0.85,0.70,0.28,1.10
14076.74,0.00,21.73,1.51,1.36,1.10,0.99,2.11,1.48,0.60,0.95,0.18,0.75
14104.59,0.00,21.69,1.44,1.81,1.07,0.95,2.01,1.43,0.33,1.15,0.08,0.39
14132.44,0.00,21.53,1.41,2.33,0.95,0.86,1.86,1.25,0.25,1.27,0.03,0.11
14160.29,0.00,21.18,1.38,2.78,0.73,0.74,1.68,1.01,0.48,1.30,0.09,0.00
14188.14,0.00,20.66,1.30,3.03,0.58,0.59,1.45,0.82,0.97,1.24,0.26,0.04
14215.99,0.00,20.01,1.14,3.03,0.44,0.41,1.21,0.73,1.51,1.12,0.53,0.18
14243.84,0.00,19.32,0.92,2.85,0.16,0.28,1.03,0.72,1.85,0.96,0.85,0.32
14271.69,0.00,18.59,0.72,2.60,0.00,0.23,0.93,0.70,1.88,0.79,1.18,0.39
14299.55,0.00,17.81,0.60,2.35,0.00,0.30,0.93,0.56,1.62,0.62,1.48,0.39
14327.40,0.00,17.01,0.55,2.11,0.18,0.46,1.00,0.33,1.21,0.53,1.66,0.34
14355.25,0.00,16.26,0.50,1.82,0.47,0.65,1.10,0.11,0.80,0.58,1.66,0.29
14383.10,0.00,15.67,0.40,1.48,0.76,0.88,1.17,0.00,0.55,0.78,1.45,0.30
14410.95,0.00,15.20,0.30,1.11,0.98,1.14,1.18,0.05,0.56,1.03,1.10,0.41
14438.80,0.00,14.75,0.29,0.73,1.11,1.48,1.09,0.21,0.81,1.21,0.73,0.58
14466.65,0.00,14.21,0.47,0.38,1.17,1.86,0.96,0.43,1.21,1.25,0.47,0.77
14494.50,0.00,13.60,0.80,0.11,1.20,2.25,0.85,0.68,1.59,1.17,0.39,0.90
14522.35,0.00,13.04,1.17,0.00,1.25,2.57,0.86,0.94,1.86,1.09,0.48,0.92
14550.21,0.00,12.57,1.43,0.01,1.30,2.76,1.06,1.16,1.99,1.05,0.66,0.81
14578.06,0.00,12.15,1.52,0.19,1.30,2.76,1.46,1.27,2.02,1.05,0.81,0.61
14605.91,0.00,11.71,1.42,0.47,1.23,2.62,2.01,1.22,1.99,1.04,0.89,0.41
14633.76,0.00,11.19,1.17,0.81,1.09,2.42,2.57,1.07,1.89,1.02,0.92,0.31
14661.61,0.00,10.61,0.82,1.19,1.00,2.30,2.98,0.89,1.72,1.01,0.95,0.33
14689.46,0.00,10.00,0.47,1.57,1.05,2.30,3.15,0.76,1.50,1.01,1.00,0.44
14717.31,0.00,9.41,0.20,1.95,1.19,2.37,3.09,0.72,1.32,1.03,1.06,0.52
14745.16,0.00,8.88,0.06,2.28,1.34,2.39,2.92,0.79,1.23,1.04,1.10,0.51
14773.01,0.00,8.41,0.09,2.51,1.41,2.32,2.73,0.97,1.23,1.09,1.08,0.40
14800.87,0.00,7.99,0.26,2.56,1.39,2.22,2.60,1.25,1.24,1.19,1.01,0.24
14828.72,0.00,7.56,0.51,2.43,1.35,2.17,2.52,1.55,1.16,1.30,0.90,0.08
14856.57,0.00,7.10,0.73,2.18,1.33,2.20,2.46,1.76,0.98,1.37,0.73,0.00
14884.42,0.00,6.64,0.82,1.89,1.31,2.26,2.38,1.79,0.75,1.37,0.52,0.00
14912.27,0.00,6.23,0.73,1.67,1.23,2.28,2.23,1.59,0.54,1.30,0.31,0.00
14940.12,0.00,5.94,0.51,1.51,1.06,2.21,2.04,1.24,0.36,1.19,0.16,0.02
14967.97,0.00,5.76,0.25,1.42,0.81,2.05,1.84,0.88,0.23,1.07,0.11,0.00
14995.82,0.00,5.64,0.06,1.35,0.55,1.85,1.72,0.65,0.12,0.93,0.15,0.00
15023.67,0.00,5.54,0.00,1.29,0.33,1.66,1.71,0.60,0.05,0.78,0.25,0.00
15051.52,0.00,5.41,0.10,1.25,0.24,1.58,1.81,0.71,0.05,0.69,0.36,0.00
15079.38,0.00,5.28,0.30,1.17,0.33,1.64,1.95,0.89,0.18,0.74,0.46,0.00
15107.23,0.00,5.22,0.55,1.03,0.59,1.81,2.09,1.10,0.43,0.95,0.49,0.00
15135.08,0.00,5.29,0.78,0.84,0.96,2.00,2.15,1.32,0.73,1.23,0.47,0.00
15162.93,0.00,5.51,0.96,0.68,1.36,2.08,2.10,1.49,0.98,1.46,0.43,0.00
15190.78,0.00,5.82,1.10,0.67,1.68,2.01,1.93,1.54,1.13,1.52,0.42,0.00
15218.63,0.00,6.09,1.25,0.94,1.86,1.79,1.68,1.43,1.16,1.40,0.49,0.00
15246.48,0.00,6.25,1.40,1.43,1.88,1.48,1.39,1.22,1.13,1.20,0.57,0.00
15274.33,0.00,6.28,1.48,2.01,1.80,1.17,1.14,1.01,1.04,1.05,0.57,0.00
15302.18,0.00,6.23,1.45,2.50,1.72,0.92,1.07,0.86,0.96,1.06,0.50,0.00
15330.04,0.00,6.17,1.29,2.76,1.68,0.75,1.00,0.80,0.94,1.15,0.44,0.00
15357.89,0.00,6.15,1.08,2.78,1.67,0.64,1.03,0.78,1.01,1.23,0.25,0.00
15385.74,0.00,6.18,0.89,2.63,1.62,0.57,1.20,0.79,1.11,1.18,0.16,0.00
15413.59,0.00,6.27,0.70,2.40,1.49,0.51,1.44,0.78,1.13,0.99,0.24,0.00
15441.44,0.00,6.38,0.46,2.16,1.28,0.42,1.68,0.73,1.00,0.72,0.42,0.00
15469.29,0.00,6.45,0.19,1.93,1.07,0.30,1.83,0.63,0.74,0.44,0.58,0.00
15497.14,0.00,6.37,0.00,1.72,0.92,0.17,1.87,0.48,0.42,0.25,0.64,0.00
15524.99,0.00,6.08,0.00,1.57,0.90,0.09,1.80,0.33,0.14,0.19,0.64,0.00
15552.84,0.00,5.59,0.25,1.52,0.98,0.12,1.65,0.23,0.00,0.19,0.65,0.00
15580.69,0.00,5.05,0.73,1.56,1.07,0.28,1.46,0.23,0.03,0.17,0.70,0.05
15608.55,0.00,4.64,1.19,1.64,1.08,0.56,1.24,0.30,0.26,0.08,0.74,0.11
15636.40,0.00,4.47,1.43,1.67,0.98,0.92,0.95,0.40,0.61,0.00,0.67,0.12
15664.25,0.00,4.49,1.37,1.57,0.82,1.31,0.61,0.50,0.95,0.06,0.46,0.07
15692.10,0.00,4.56,1.17,1.44,0.70,1.65,0.28,0.60,1.18,0.30,0.17,0.01
15719.95,0.00,4.53,1.06,1.31,0.65,1.83,0.06,0.66,1.20,0.60,0.00,0.00
15747.80,0.00,4.37,1.15,0.95,0.71,1.75,0.00,0.68,1.03,0.77,0.04,0.00
15775.65,0.00,4.15,1.40,0.58,0.91,1.40,0.06,0.64,0.76,0.71,0.36,0.08
15803.50,0.00,3.91,1.64,0.33,1.22,0.90,0.19,0.58,0.53,0.49,0.82,0.23
15831.35,0.00,3.66,1.74,0.31,1.55,0.40,0.34,0.58,0.46,0.29,1.16,0.43
15859.21,0.00,3.42,1.64,0.53,1.72,0.08,0.47,0.70,0.53,0.24,1.23,0.64
15887.06,0.00,3.16,1.36,0.87,1.61,0.00,0.57,0.94,0.66,0.35,1.06,0.86
15914.91,0.00,2.90,1.03,1.21,1.22,0.11,0.61,1.23,0.76,0.48,0.77,1.04
15942.76,0.00,2.62,0.74,1.41,0.69,0.37,0.60,1.49,0.81,0.53,0.54,1.18
15970.61,0.00,2.32,0.59,1.46,0.23,0.66,0.55,1.64,0.79,0.46,0.42,1.25
15998.46,0.00,2.01,0.58,1.39,0.00,0.77,0.53,1.67,0.76,0.34,0.38,1.26
16026.31,0.00,1.70,0.68,1.28,0.01,0.87,0.58,1.64,0.72,0.27,0.36,1.21
16054.16,0.00,1.40,0.79,1.18,0.19,0.98,0.68,1.65,0.60,0.27,0.31,1.08
16082.01,0.00,1.14,0.83,1.06,0.42,0.99,0.75,1.71,0.46,0.31,0.23,0.85
16109.87,0.00,0.94,0.73,0.89,0.57,0.96,0.76,1.78,0.32,0.38,0.10,0.56
16137.72,0.00,0.80,0.52,0.68,0.58,0.87,0.76,1.77,0.18,0.48,0.00,0.27
16165.57,0.00,0.68,0.26,0.47,0.46,0.69,0.82,1.57,0.07,0.60,0.00,0.06
16193.42,0.00,0.51,0.00,0.34,0.26,0.44,0.97,1.17,0.00,0.71,0.14,0.00
16221.27,0.00,0.27,0.00,0.31,0.07,0.19,1.16,0.66,0.01,0.75,0.36,0.00
16249.12,0.00,0.00,0.00,0.33,0.00,0.02,1.28,0.44,0.12,0.67,0.54,0.00
16276.97,0.00,0.00,0.00,0.34,0.07,0.00,1.27,0.21,0.33,0.52,0.61,0.00
16304.82,0.00,0.00,0.00,0.27,0.30,0.00,1.08,0.00,0.61,0.40,0.55,0.00
16332.67,0.00,0.00,0.00,0.15,0.58,0.00,0.76,0.00,0.95,0.41,0.41,0.00
16360.52,0.00,0.00,0.00,0.04,0.79,0.00,0.40,0.17,1.33,0.54,0.25,0.00
16388.37,0.00,0.00,0.00,0.00,0.88,0.00,0.11,0.37,1.73,0.72,0.11,0.00
16416.23,0.00,0.00,0.00,0.00,0.86,0.00,0.00,0.49,2.07,0.88,0.02,0.00
16444.08,0.00,0.00,0.00,0.11,0.78,0.00,0.00,0.54,2.26,1.00,0.00,0.00
16471.93,0.00,0.00,0.00,0.32,0.64,0.00,0.11,0.56,2.18,1.11,0.04,0.00
16499.78,0.00,0.00,0.00,0.54,0.49,0.00,0.30,0.58,1.85,1.24,0.09,0.00
16527.63,0.00,0.00,0.00,0.69,0.39,0.00,0.41,0.59,1.37,1.34,0.11,0.00
16555.48,0.00,0.00,0.00,0.73,0.47,0.00,0.31,0.61,0.85,1.34,0.07,0.00
16583.33,0.00,0.00,0.00,0.60,0.75,0.00,0.00,0.66,0.40,1.23,0.00,0.00
